Player,POS,Position,ValMillions,GP,MIN,ST,ON,OFF,Y,YR,R,G,A,SA,AOP,ASP,S,SOG,INT,CR,ACR,CC,BCC,CCOP,CCSP,BLK,TKL,TKLW,FC,FS,P,AP,ACRO,AW,BR,DR,DW,EG,ES,IBS,IBSOG,IBG,OBS,OBSOG,OBG,AOG,APW,DSP,OWN,TOUCH,TBOX,PK,PKG,PKM,PKSVD,FKCR,FKACR,CRN,CRNCR,CRNW,FKS,FKSOG,FKG,GC,CS,PKC,CL,ECL,ALB,ATB,LMT,TOFF,BCM,BCS,ATTDR
Aaron Martin,Left Back,Defender,18,103,9000,99,4,3,14,0,0,0,3,1,2,1,29,10,154,538,120,132,12,88,40,26,189,118,113,77,2764,3464,74,72,501,129,463,1,1,9,3,0,20,7,0,0,1,93,0,6243,55,0,0,0,0,52,14,138,133,52,3,1,0,140,25,0,195,194,148,2,0,8,0,0,181
Aaron Wan Bissaka,Right Back,Defender,36,51,4564,51,0,2,8,0,1,0,3,0,3,0,11,0,116,100,19,22,4,19,0,24,205,139,29,24,1344,1812,19,57,284,85,371,0,0,8,0,0,3,0,0,0,0,55,0,3476,41,0,0,0,0,0,0,0,0,23,0,0,0,65,16,1,182,182,51,1,0,2,1,0,122
Abdoul Kader Bamba,Right Winger,Midfielder,0.72,11,426,4,7,3,1,0,0,0,1,0,1,0,4,1,4,8,3,12,3,11,0,0,7,6,8,16,161,193,3,2,39,15,40,0,0,1,0,0,3,1,0,0,0,10,0,309,16,0,0,0,0,0,0,0,0,3,0,0,0,3,0,0,1,1,4,1,0,1,0,0,29
Abdul Rahman Baba,Left Back,Defender,4.5,29,1977,22,7,3,6,0,0,1,3,0,3,0,14,1,48,50,14,15,2,12,0,6,64,43,36,21,687,902,14,36,132,28,149,1,2,6,1,1,8,0,0,0,0,22,0,1569,22,0,0,0,0,0,0,0,0,16,0,0,0,33,4,0,59,55,40,0,0,2,0,0,60
Adil Taoui,Left Winger,Midfielder,0.135,,,,,,,,,,,,,,,,,,,,,,,,,,,,,,,,,,,,,,,,,,,,,,,,,,,,,,,,,,,,,,,,,,,,,,,,
Ainsley Maitland Niles,Right Midfield,Midfielder,16.2,38,2386,25,13,2,2,2,2,1,3,0,3,0,13,3,42,45,10,21,4,18,0,7,71,46,24,22,1033,1260,10,19,155,48,160,0,4,7,3,1,6,0,0,0,0,39,0,2035,57,0,0,0,0,0,0,0,0,13,0,0,0,42,6,1,46,46,41,0,3,1,1,1,73
Albert Lottin,Defensive Midfield,Midfielder,0.45,3,65,1,2,1,0,0,0,0,0,0,0,0,0,0,2,0,0,0,0,0,0,0,3,1,1,0,30,33,0,1,3,2,6,0,0,0,0,0,0,0,0,0,0,3,0,51,0,0,0,0,0,0,0,0,0,0,0,0,0,3,0,0,2,2,3,0,0,0,0,0,4
Alex Oxlade Chamberlain,Central Midfield,Midfielder,31.5,73,3559,35,38,23,4,0,0,5,14,3,13,1,87,27,40,160,37,75,14,51,9,5,79,58,49,32,1469,1774,24,34,230,127,271,1,0,43,13,3,44,14,2,0,0,60,0,2773,139,0,0,0,0,7,1,47,44,39,0,0,0,52,3,0,38,38,109,9,2,4,4,1,177
Alexis Claude Maurice,Left Winger,Midfielder,6.75,7,460,5,2,1,0,0,0,0,0,0,0,0,10,3,3,4,0,1,0,1,0,0,10,5,5,15,156,183,0,3,31,17,44,0,0,8,2,0,2,1,0,0,0,14,0,306,19,0,0,0,0,0,0,0,0,2,0,0,0,10,0,0,0,0,7,0,0,1,1,0,26
Alfred Duncan,Central Midfield,Midfielder,15.3,80,5728,65,15,25,17,0,1,6,12,1,12,0,94,26,50,151,28,96,14,82,2,12,125,88,117,60,1829,2373,21,53,352,75,311,1,1,38,7,2,56,19,4,1,0,124,0,3519,109,0,0,0,0,1,1,30,24,46,0,0,0,102,15,1,66,65,123,4,0,8,3,1,124
Allan Saint Maximin,Right Winger,Midfielder,22.5,106,8234,95,11,50,4,0,1,12,13,3,13,0,194,67,27,272,67,161,25,139,9,1,50,36,43,180,1981,2564,52,69,371,417,710,0,1,93,36,8,101,31,4,0,3,299,0,4874,452,2,1,0,1,7,3,39,34,120,2,1,0,101,9,0,13,13,86,2,0,22,14,5,664
Alpha Sissoko,Right Back,Defender,0.45,,,,,,,,,,,,,,,,,,,,,,,,,,,,,,,,,,,,,,,,,,,,,,,,,,,,,,,,,,,,,,,,,,,,,,,,
Alvaro Aguado,Attacking Midfield,Midfielder,0.54,,,,,,,,,,,,,,,,,,,,,,,,,,,,,,,,,,,,,,,,,,,,,,,,,,,,,,,,,,,,,,,,,,,,,,,,
Alvaro Gonzalez,Centre Back,Defender,7.2,97,8385,93,4,2,36,3,3,2,5,0,3,2,43,7,125,22,7,21,5,16,0,58,124,90,80,83,3451,4181,7,190,361,2,383,1,2,40,7,2,3,0,0,1,0,6,0,5308,69,0,0,0,0,0,0,0,0,6,0,0,0,123,27,3,511,507,398,0,1,5,5,2,5
Amadou Ndiaye,Centre Forward,Striker,0.135,,,,,,,,,,,,,,,,,,,,,,,,,,,,,,,,,,,,,,,,,,,,,,,,,,,,,,,,,,,,,,,,,,,,,,,,
Amine Adli,Attacking Midfield,Midfielder,0.135,,,,,,,,,,,,,,,,,,,,,,,,,,,,,,,,,,,,,,,,,,,,,,,,,,,,,,,,,,,,,,,,,,,,,,,,
Amir Rrahmani,Centre Back,Defender,2.7,10,889,10,0,1,1,0,0,0,0,0,0,0,8,2,7,7,0,2,1,2,0,12,8,7,12,6,294,382,0,35,56,2,49,0,0,8,2,0,0,0,0,0,0,5,0,533,15,0,0,0,0,0,0,0,0,3,0,0,0,8,4,0,42,42,25,0,0,0,1,0,4
Ander Barrenetxea,Left Winger,Midfielder,9,13,423,5,8,5,0,0,0,1,0,0,0,0,5,1,4,7,1,7,0,7,0,0,7,2,16,7,90,116,1,2,21,21,37,0,0,4,1,1,1,0,0,0,0,10,0,230,17,0,0,0,0,0,0,0,0,6,0,0,0,6,0,1,2,2,1,0,0,3,0,1,36
Andrew Crofts,Central Midfield,Midfielder,0.315,,,,,,,,,,,,,,,,,,,,,,,,,,,,,,,,,,,,,,,,,,,,,,,,,,,,,,,,,,,,,,,,,,,,,,,,
Andrii Yarmolenko,Right Winger,Midfielder,18,37,2139,26,11,19,3,0,0,8,3,2,3,0,55,22,13,66,14,47,11,41,3,2,29,19,37,40,689,853,11,14,101,23,106,0,2,39,16,8,16,6,0,1,0,37,0,1260,125,0,0,0,0,2,2,13,13,22,1,1,0,32,2,0,8,8,37,2,0,15,9,2,54
Ansu Fati,Left Winger,Midfielder,22.5,7,261,2,5,2,1,0,0,2,1,0,1,0,13,5,2,7,3,4,2,2,1,0,3,2,6,2,123,152,1,2,11,11,17,0,0,10,4,2,3,1,0,0,0,4,0,229,44,0,0,0,0,0,0,7,5,6,0,0,0,6,0,0,0,0,1,0,0,1,1,0,23
Anthony Rouault,Centre Back,Defender,0.135,,,,,,,,,,,,,,,,,,,,,,,,,,,,,,,,,,,,,,,,,,,,,,,,,,,,,,,,,,,,,,,,,,,,,,,,
Antonio Raillo,Centre Back,Defender,2.25,9,699,9,0,1,1,0,0,0,0,0,0,0,4,0,2,0,0,2,0,2,0,5,8,7,7,0,249,285,0,16,23,2,26,0,0,4,0,0,0,0,0,0,0,0,0,350,9,0,0,0,0,0,0,0,0,0,0,0,0,7,2,1,33,33,27,0,0,2,1,0,2
Aridane Hernandez,Centre Back,Defender,0.63,10,900,10,0,0,2,0,0,0,0,0,0,0,1,0,12,0,0,1,0,1,0,6,5,5,4,3,311,370,0,34,45,2,42,0,0,0,0,0,1,0,0,0,0,2,0,470,5,0,0,0,0,0,0,0,0,0,0,0,0,9,3,0,47,47,32,0,0,0,0,0,3
Arnaut Danjuma,Left Winger,Midfielder,10.8,4,106,1,3,1,0,0,0,0,0,0,0,0,5,2,4,0,0,1,0,1,0,0,0,0,0,2,35,48,0,2,9,3,7,0,0,2,2,0,3,0,0,0,0,5,0,75,7,0,0,0,0,0,0,0,0,1,0,0,0,0,0,0,1,1,3,0,0,1,1,0,6
Asier Villalibre,Centre Forward,Striker,1.8,6,71,0,6,0,0,0,0,0,1,0,1,0,1,0,1,0,0,2,1,1,0,0,0,0,1,0,10,18,0,5,0,1,6,0,0,1,0,0,0,0,0,0,0,4,0,36,7,0,0,0,0,0,0,0,0,1,0,0,0,0,0,0,1,1,0,0,0,0,0,0,3
Batista Mendy,Defensive Midfield,Midfielder,0.135,,,,,,,,,,,,,,,,,,,,,,,,,,,,,,,,,,,,,,,,,,,,,,,,,,,,,,,,,,,,,,,,,,,,,,,,
Benat Etxebarria,Central Midfield,Midfielder,3.6,91,5884,67,24,38,20,0,0,2,9,0,2,7,67,19,91,405,129,139,13,36,94,6,135,81,74,60,2994,3551,7,45,570,33,270,0,0,4,2,0,63,17,2,0,0,55,0,4684,21,0,0,0,0,111,30,254,235,29,21,7,2,77,6,1,30,30,309,3,0,0,1,0,55
Bobby Duncan,Centre Forward,Striker,1.35,,,,,,,,,,,,,,,,,,,,,,,,,,,,,,,,,,,,,,,,,,,,,,,,,,,,,,,,,,,,,,,,,,,,,,,,
Boubacar Fofana,Left Winger,Midfielder,0.18,,,,,,,,,,,,,,,,,,,,,,,,,,,,,,,,,,,,,,,,,,,,,,,,,,,,,,,,,,,,,,,,,,,,,,,,
Bridge Ndilu,Centre Forward,Striker,0.36,,,,,,,,,,,,,,,,,,,,,,,,,,,,,,,,,,,,,,,,,,,,,,,,,,,,,,,,,,,,,,,,,,,,,,,,
Bruno Soriano,Defensive Midfield,Midfielder,0.72,,,,,,,,,,,,,,,,,,,,,,,,,,,,,,,,,,,,,,,,,,,,,,,,,,,,,,,,,,,,,,,,,,,,,,,,
Callum Hudson Odoi,Left Winger,Midfielder,31.5,17,639,6,11,6,1,0,0,0,4,0,4,0,13,6,5,34,9,19,4,14,1,0,10,7,4,8,289,340,8,2,34,22,42,0,0,10,4,0,3,2,0,0,0,13,0,510,38,0,0,0,0,0,0,5,5,12,0,0,0,9,1,0,0,0,11,0,0,4,2,0,32
Cauly,Right Midfield,Midfielder,1.35,9,637,8,1,6,0,0,0,2,0,0,0,0,10,5,6,38,6,9,1,4,5,0,10,7,8,14,133,173,0,5,34,13,41,0,0,4,2,1,6,3,1,0,0,17,0,350,9,0,0,0,0,6,2,33,29,8,1,0,0,20,0,0,1,1,4,0,0,1,1,0,24
Chang hun Kwon,Right Winger,Midfielder,4.95,64,3354,39,25,23,5,0,0,14,3,0,3,0,98,39,35,143,32,52,5,39,10,1,53,29,33,67,731,993,15,37,194,53,208,0,0,55,28,13,43,11,1,0,1,74,0,1816,115,0,0,0,0,11,1,72,51,30,9,2,0,76,1,1,35,35,38,3,0,19,5,7,92
Christian Oliva,Defensive Midfield,Midfielder,4.5,5,159,2,3,0,0,0,0,0,0,0,0,0,0,0,3,0,0,0,0,0,0,0,6,3,1,1,57,65,0,2,17,2,11,0,0,0,0,0,0,0,0,0,0,1,0,95,0,0,0,0,0,0,0,0,0,0,0,0,0,2,1,0,7,7,5,0,0,0,0,0,2
Christopher Antwi Adjei,Left Midfield,Midfielder,1.35,10,697,8,2,2,0,0,0,0,0,0,0,0,14,6,2,19,6,6,0,5,1,1,6,5,7,12,149,191,4,4,41,16,38,0,0,9,5,0,5,1,0,0,0,12,0,363,24,0,0,0,0,0,0,14,8,10,0,0,0,22,0,0,3,3,6,1,0,1,1,0,25
Clement Vidal,Centre Back,Defender,0.135,,,,,,,,,,,,,,,,,,,,,,,,,,,,,,,,,,,,,,,,,,,,,,,,,,,,,,,,,,,,,,,,,,,,,,,,
Cristian DellOrco,Left Back,Defender,0.9,34,2511,29,5,4,1,0,0,1,1,0,1,0,6,1,46,30,6,12,2,11,0,14,45,29,27,22,862,1082,6,39,144,20,125,0,1,6,1,1,0,0,0,0,0,15,0,1670,10,0,0,0,0,0,0,0,0,5,0,0,0,41,3,0,103,103,42,0,1,0,0,1,28
Cyrill Akono,Centre Forward,Striker,0.45,,,,,,,,,,,,,,,,,,,,,,,,,,,,,,,,,,,,,,,,,,,,,,,,,,,,,,,,,,,,,,,,,,,,,,,,
Dan Axel Zagadou,Centre Back,Defender,25.2,30,1948,21,9,4,4,0,1,3,0,0,0,0,19,5,41,11,4,4,0,4,0,11,23,19,26,8,1290,1498,4,90,120,19,140,2,1,17,5,3,2,0,0,0,0,9,0,1860,24,0,0,0,0,0,0,0,0,1,0,0,0,32,7,1,92,92,75,0,0,0,1,1,20
Daniel Carvajal,Right Back,Defender,45,80,7063,77,3,0,34,0,1,1,12,1,12,0,38,18,122,248,58,118,20,104,2,31,176,122,118,94,4221,4833,58,74,458,93,436,1,1,20,12,1,18,6,0,1,1,57,0,6951,195,0,0,0,0,0,0,2,0,56,0,0,0,83,22,2,92,92,254,1,0,7,4,0,164
Daniel Torres,Defensive Midfield,Midfielder,0.81,41,2727,32,9,10,10,0,0,0,0,1,0,0,11,4,59,5,1,11,0,11,0,15,59,40,56,35,996,1202,1,27,204,18,138,0,2,8,3,0,3,1,0,0,0,23,0,1585,12,0,0,0,0,2,0,0,0,1,0,0,0,44,6,1,59,59,67,1,0,0,0,0,25
Danilo DAmbrosio,Right Back,Defender,11.7,102,8879,100,2,12,18,0,0,8,11,1,10,1,61,19,140,194,47,81,19,68,1,26,237,171,190,132,4155,5001,47,144,558,60,571,0,1,48,16,8,13,3,0,0,1,67,0,7271,162,0,0,0,0,0,0,1,1,58,0,0,0,100,32,2,161,160,202,5,0,18,6,6,121
David Kiki,Left Back,Defender,0.54,,,,,,,,,,,,,,,,,,,,,,,,,,,,,,,,,,,,,,,,,,,,,,,,,,,,,,,,,,,,,,,,,,,,,,,,
David Philipp,Attacking Midfield,Midfielder,0.09,,,,,,,,,,,,,,,,,,,,,,,,,,,,,,,,,,,,,,,,,,,,,,,,,,,,,,,,,,,,,,,,,,,,,,,,
David Timor,Defensive Midfield,Midfielder,1.35,48,3086,35,13,11,15,0,1,5,1,1,1,0,35,11,65,47,11,30,1,20,9,11,54,33,52,26,1189,1524,1,90,224,10,176,0,1,3,1,1,32,10,4,0,0,28,0,1964,7,0,0,0,0,10,4,27,27,5,9,2,2,51,8,1,73,71,153,2,0,0,0,1,13
Davide Faraoni,Right Back,Defender,0.81,43,2975,32,11,6,7,0,0,3,4,0,4,0,28,7,78,98,17,18,1,11,3,10,100,66,35,47,866,1180,15,30,255,25,199,0,0,14,6,3,14,1,0,0,0,28,0,2137,27,0,0,0,0,5,1,3,3,15,0,0,0,43,6,2,102,102,90,1,0,1,1,3,48
Derick Osei Yaw,Centre Forward,Striker,0.135,,,,,,,,,,,,,,,,,,,,,,,,,,,,,,,,,,,,,,,,,,,,,,,,,,,,,,,,,,,,,,,,,,,,,,,,
Didac Vila,Left Back,Defender,3.6,50,3763,42,8,7,14,0,0,0,2,0,2,0,40,11,79,123,18,33,6,31,0,16,114,70,61,48,1300,1775,17,84,197,18,261,0,1,26,7,0,14,4,0,0,0,28,0,2926,86,0,0,0,0,0,0,3,2,29,0,0,0,61,8,1,118,118,99,0,0,2,3,0,30
Djavan Anderson,Right Midfield,Midfielder,0.27,,,,,,,,,,,,,,,,,,,,,,,,,,,,,,,,,,,,,,,,,,,,,,,,,,,,,,,,,,,,,,,,,,,,,,,,
Djene,Centre Back,Defender,22.5,80,7119,80,0,4,21,1,2,1,0,0,0,0,26,4,155,20,4,9,0,9,0,27,153,108,116,66,1607,2262,4,183,572,49,448,1,3,21,4,1,5,0,0,0,1,26,0,3342,57,0,0,0,0,0,0,0,0,5,0,0,0,76,22,5,363,363,227,0,1,1,1,0,55
Dominic Calvert Lewin,Centre Forward,Striker,18,86,4493,48,38,20,9,0,0,14,8,0,7,1,112,39,22,30,10,33,8,25,0,5,37,20,91,73,671,1096,10,299,161,44,450,1,0,90,33,13,22,6,1,0,2,100,0,1971,205,0,0,0,0,0,0,0,0,19,0,0,0,71,9,0,52,52,16,0,0,24,17,9,96
Dominik Bilogrevic,Defensive Midfield,Midfielder,0.045,,,,,,,,,,,,,,,,,,,,,,,,,,,,,,,,,,,,,,,,,,,,,,,,,,,,,,,,,,,,,,,,,,,,,,,,
Dong won Ji,Centre Forward,Striker,1.58,51,3201,34,17,8,6,0,0,7,3,0,3,0,67,19,31,47,11,37,6,33,1,9,39,27,70,50,819,1178,11,150,137,48,281,0,1,41,14,5,26,5,2,0,1,46,0,1801,112,0,0,0,0,0,0,0,0,15,0,0,0,67,6,0,60,56,23,2,0,8,2,2,104
Duje Caleta Car,Centre Back,Defender,13.5,30,2260,24,6,0,3,0,2,1,0,0,0,0,14,6,27,1,0,2,0,2,0,13,35,22,24,10,1065,1239,0,94,114,0,138,0,2,10,5,1,4,1,0,0,0,1,0,1524,36,0,0,0,0,0,0,0,0,4,0,0,0,34,7,1,122,122,114,0,1,0,2,0,0
Eddie Salcedo,Centre Forward,Striker,1.8,7,229,2,5,2,0,0,0,0,0,0,0,0,8,3,0,11,2,2,1,2,0,0,2,0,7,5,45,68,2,3,8,2,12,0,0,4,2,0,4,1,0,0,0,7,0,122,12,0,0,0,0,0,0,2,1,7,0,0,0,2,0,0,0,0,0,0,0,1,1,0,5
Edu Exposito,Central Midfield,Midfielder,3.6,15,861,8,7,3,4,0,0,1,0,0,0,0,7,2,12,3,0,7,0,7,0,0,16,8,12,7,305,349,0,9,63,9,41,0,0,3,2,1,4,0,0,0,0,5,0,451,9,0,0,0,0,0,0,0,0,0,0,0,0,19,2,0,9,9,22,0,0,0,0,0,15
Emanuele Rovini,Centre Forward,Striker,0.225,,,,,,,,,,,,,,,,,,,,,,,,,,,,,,,,,,,,,,,,,,,,,,,,,,,,,,,,,,,,,,,,,,,,,,,,
Emerson Espinoza,Defensive Midfield,Midfielder,0.27,,,,,,,,,,,,,,,,,,,,,,,,,,,,,,,,,,,,,,,,,,,,,,,,,,,,,,,,,,,,,,,,,,,,,,,,
Eric Maxim Choupo Moting,Centre Forward,Striker,4.5,82,5167,58,24,24,4,0,0,14,10,0,9,1,150,51,37,70,15,62,11,52,0,3,72,50,64,63,1154,1542,15,137,264,127,393,0,1,114,43,14,36,8,0,0,0,120,0,2701,296,2,1,0,1,0,0,1,0,57,0,0,0,73,9,0,47,45,40,2,0,52,16,11,230
Evan NDicka,Centre Back,Defender,19.8,30,2519,27,3,2,3,0,0,1,1,0,1,0,13,2,33,2,1,4,0,3,0,12,44,28,27,7,976,1224,1,80,177,7,137,0,0,12,1,1,1,1,0,0,0,11,0,1612,21,0,0,0,0,0,0,0,0,2,0,0,0,46,6,0,118,118,90,0,0,1,2,1,14
Fabrice Hartmann,Right Winger,Midfielder,0.36,,,,,,,,,,,,,,,,,,,,,,,,,,,,,,,,,,,,,,,,,,,,,,,,,,,,,,,,,,,,,,,,,,,,,,,,
Fede San Emeterio,Central Midfield,Midfielder,4.5,5,444,5,0,1,1,0,0,0,0,0,0,0,0,0,4,0,0,1,0,1,0,3,5,2,7,6,175,196,0,8,14,2,21,0,0,0,0,0,0,0,0,0,0,3,0,246,0,0,0,0,0,0,0,0,0,0,0,0,0,5,1,0,6,6,22,0,0,0,0,0,2
Fede Varela,Attacking Midfield,Midfielder,1.8,,,,,,,,,,,,,,,,,,,,,,,,,,,,,,,,,,,,,,,,,,,,,,,,,,,,,,,,,,,,,,,,,,,,,,,,
Felix Uduokhai,Centre Back,Defender,5.85,37,2426,26,11,0,3,1,1,1,0,0,0,0,9,1,64,6,0,1,0,1,0,21,65,34,27,21,1089,1270,0,61,118,10,157,4,3,7,1,1,2,0,0,0,0,10,0,1686,15,0,0,0,0,0,0,0,0,0,0,0,0,43,5,0,111,111,94,0,1,1,0,0,16
Fernando Calero,Centre Back,Defender,9,43,3653,41,2,1,8,0,1,1,0,0,0,0,10,2,56,4,0,5,1,5,0,35,53,32,38,14,1559,1841,0,80,184,11,157,1,0,10,2,1,0,0,0,0,0,5,0,2330,22,0,0,0,0,0,0,0,0,2,0,0,0,56,8,2,190,190,114,0,2,0,1,0,11
Ferris NGoma,Central Midfield,Midfielder,0.63,2,7,0,2,0,0,0,0,0,0,0,0,0,1,0,0,0,0,0,0,0,0,0,0,0,1,0,6,9,0,0,0,1,1,0,0,0,0,0,1,0,0,0,0,1,0,15,0,0,0,0,0,0,0,0,0,0,0,0,0,1,0,0,0,0,0,0,0,0,0,0,2
Fiete Arp,Centre Forward,Striker,3.6,18,844,8,10,5,1,0,0,2,0,0,0,0,17,7,2,2,0,3,1,3,0,0,7,5,21,18,88,149,0,21,17,10,53,0,0,13,5,2,4,2,0,0,0,16,0,299,43,0,0,0,0,0,0,1,0,7,0,0,0,10,0,0,7,7,3,0,0,3,2,0,22
Filip Benkovic,Centre Back,Defender,9.9,,,,,,,,,,,,,,,,,,,,,,,,,,,,,,,,,,,,,,,,,,,,,,,,,,,,,,,,,,,,,,,,,,,,,,,,
Fode Ballo Toure,Left Back,Defender,9,71,5922,68,3,9,15,0,1,0,4,0,4,0,14,6,90,167,32,43,7,36,3,11,159,113,62,79,1943,2377,32,95,362,74,403,2,3,12,5,0,2,1,0,0,1,63,2,4104,62,0,0,0,0,0,0,1,0,28,0,0,0,99,11,3,114,114,67,2,0,12,1,0,121
Franck Honorat,Right Winger,Midfielder,1.8,,,,,,,,,,,,,,,,,,,,,,,,,,,,,,,,,,,,,,,,,,,,,,,,,,,,,,,,,,,,,,,,,,,,,,,,
Frederik Jakel,Centre Back,Defender,0.135,,,,,,,,,,,,,,,,,,,,,,,,,,,,,,,,,,,,,,,,,,,,,,,,,,,,,,,,,,,,,,,,,,,,,,,,
Gabriel Magalhaes,Centre Back,Defender,9,38,3062,32,6,1,5,0,0,1,0,0,0,0,14,3,31,0,0,4,0,2,2,13,38,24,25,33,1246,1578,0,82,207,1,150,2,4,12,3,1,2,0,0,0,0,5,1,2019,19,0,0,0,0,0,0,0,0,1,1,0,0,41,10,1,99,99,141,2,0,0,0,0,2
Gaetan Paquiez,Right Back,Defender,0.9,29,1902,21,8,2,5,0,0,0,0,1,0,0,5,3,26,21,2,11,1,10,1,10,53,34,26,21,455,622,2,28,99,9,108,0,0,3,2,0,2,1,0,0,0,9,0,1215,12,0,0,0,0,0,0,0,0,5,0,0,0,38,3,0,59,59,32,0,0,0,0,0,17
Georgios Siadas,Left Back,Defender,0.18,,,,,,,,,,,,,,,,,,,,,,,,,,,,,,,,,,,,,,,,,,,,,,,,,,,,,,,,,,,,,,,,,,,,,,,,
Gian Marco Ferrari,Centre Back,Defender,12.6,104,9304,103,1,0,23,0,0,9,1,1,0,1,44,20,154,17,2,20,2,18,1,97,119,77,119,72,4135,4893,2,170,423,15,369,3,5,43,20,9,1,0,0,0,0,17,0,6089,79,0,0,0,0,0,0,0,0,13,0,0,0,161,23,6,424,420,349,0,0,1,4,5,19
Goncalo Cardoso,Centre Back,Defender,2.25,,,,,,,,,,,,,,,,,,,,,,,,,,,,,,,,,,,,,,,,,,,,,,,,,,,,,,,,,,,,,,,,,,,,,,,,
Gregory Berthier,Right Midfield,Midfielder,0.54,,,,,,,,,,,,,,,,,,,,,,,,,,,,,,,,,,,,,,,,,,,,,,,,,,,,,,,,,,,,,,,,,,,,,,,,
Habib Maiga,Defensive Midfield,Midfielder,0.9,29,1964,22,7,5,4,0,0,1,1,0,1,0,19,3,44,48,8,11,1,10,0,8,84,51,49,20,841,1045,8,36,190,42,180,1,0,5,0,0,14,3,1,0,0,41,0,1563,15,0,0,0,0,0,0,0,0,13,0,0,0,33,6,1,34,34,34,0,0,0,0,0,47
Haithem Loucif,Right Back,Defender,0.585,,,,,,,,,,,,,,,,,,,,,,,,,,,,,,,,,,,,,,,,,,,,,,,,,,,,,,,,,,,,,,,,,,,,,,,,
Hannes Wolf,Attacking Midfield,Midfielder,10.8,,,,,,,,,,,,,,,,,,,,,,,,,,,,,,,,,,,,,,,,,,,,,,,,,,,,,,,,,,,,,,,,,,,,,,,,
Hassane Kamara,Left Back,Defender,2.25,22,1319,13,9,2,3,0,0,1,0,0,0,0,15,2,31,21,5,8,0,8,0,2,41,30,19,13,469,570,5,18,86,28,100,0,0,8,1,1,7,1,0,0,0,11,0,977,14,0,0,0,0,0,0,0,0,2,0,0,0,10,4,1,45,45,24,0,0,0,1,1,40
Heung min Son,Left Winger,Midfielder,72,110,7043,80,30,54,4,0,1,40,20,3,20,0,252,104,28,146,26,126,20,101,5,3,70,38,41,81,2245,2669,18,21,290,169,340,0,2,168,79,32,84,25,8,1,4,180,0,4234,548,0,0,0,0,5,1,39,29,94,1,0,0,69,7,0,27,27,45,10,0,75,21,19,324
Hianga Mbock,Central Midfield,Midfielder,0.135,,,,,,,,,,,,,,,,,,,,,,,,,,,,,,,,,,,,,,,,,,,,,,,,,,,,,,,,,,,,,,,,,,,,,,,,
Hyun jun Suk,Centre Forward,Striker,3.15,54,2068,20,34,18,9,0,0,10,0,0,0,0,57,20,4,27,5,22,1,22,0,1,17,13,75,51,265,485,5,169,42,14,240,0,1,51,17,9,6,3,1,0,0,29,0,873,107,0,0,0,0,0,0,0,0,20,0,0,0,31,0,0,12,12,8,0,0,19,5,7,40
Ignatius Ganago,Centre Forward,Striker,2.7,37,1679,14,23,8,2,0,0,5,0,0,0,0,41,17,2,5,0,17,1,17,0,0,8,5,25,30,309,393,0,36,43,28,100,0,0,37,15,5,4,2,0,0,2,21,0,658,101,0,0,0,0,0,0,0,0,20,0,0,0,21,1,0,12,12,3,2,0,5,4,3,41
Inigo Perez,Central Midfield,Midfielder,0.72,1,5,0,1,0,0,0,0,0,0,0,0,0,0,0,0,0,0,0,0,0,0,0,1,1,0,0,11,16,0,0,1,0,1,0,0,0,0,0,0,0,0,0,0,0,0,19,0,0,0,0,0,0,0,0,0,0,0,0,0,0,0,0,0,0,0,0,0,0,0,0,0
Ivan Lopez,Right Back,Defender,0.36,,,,,,,,,,,,,,,,,,,,,,,,,,,,,,,,,,,,,,,,,,,,,,,,,,,,,,,,,,,,,,,,,,,,,,,,
Jack Colback,Defensive Midfield,Midfielder,2.7,,,,,,,,,,,,,,,,,,,,,,,,,,,,,,,,,,,,,,,,,,,,,,,,,,,,,,,,,,,,,,,,,,,,,,,,
Jack Lahne,Left Winger,Midfielder,0.9,,,,,,,,,,,,,,,,,,,,,,,,,,,,,,,,,,,,,,,,,,,,,,,,,,,,,,,,,,,,,,,,,,,,,,,,
Jack OConnell,Centre Back,Defender,5.85,11,990,11,0,0,2,0,0,0,1,0,0,1,7,1,16,8,2,5,2,4,0,5,9,8,5,8,347,467,2,52,53,2,70,1,0,7,1,0,0,0,0,0,0,2,0,648,16,0,0,0,0,0,0,0,0,4,0,0,0,8,5,0,62,62,33,1,1,0,0,0,5
Jaime Mata,Centre Forward,Striker,9,45,3331,38,7,15,14,0,0,18,7,0,6,1,73,31,18,68,6,31,6,24,0,0,39,26,120,74,548,866,6,133,130,13,255,0,0,67,30,18,6,1,0,0,1,47,0,1497,168,5,5,0,0,0,0,0,0,24,0,0,0,37,4,0,30,30,23,1,0,39,8,13,42
James Chester,Centre Back,Defender,7.2,,,,,,,,,,,,,,,,,,,,,,,,,,,,,,,,,,,,,,,,,,,,,,,,,,,,,,,,,,,,,,,,,,,,,,,,
James Lea Siliki,Central Midfield,Midfielder,3.6,64,3271,35,29,17,8,1,1,3,5,0,5,0,61,14,31,126,26,42,11,32,5,4,61,38,70,80,876,1141,20,28,198,45,212,1,1,18,4,2,43,10,1,1,1,39,0,1884,67,0,0,0,0,9,3,17,12,32,5,1,0,40,6,0,21,21,74,2,0,1,1,2,91
James Ward Prowse,Central Midfield,Midfielder,16.2,97,6530,74,23,21,12,0,0,16,7,4,4,3,119,54,67,500,133,140,14,53,80,15,108,64,78,50,2211,2794,21,77,403,22,253,0,1,54,28,11,65,26,5,0,0,69,1,4249,121,2,2,0,0,86,23,301,285,56,28,14,3,123,12,1,120,119,78,0,0,4,7,8,30
Jan Luca Rumpf,Centre Back,Defender,0.135,,,,,,,,,,,,,,,,,,,,,,,,,,,,,,,,,,,,,,,,,,,,,,,,,,,,,,,,,,,,,,,,,,,,,,,,
Javi Ontiveros,Left Winger,Midfielder,6.75,40,1451,10,30,7,8,0,0,4,4,0,4,0,49,14,10,63,22,24,4,16,4,3,41,28,33,30,422,575,17,16,105,51,138,1,0,20,4,1,29,10,3,0,1,56,0,1064,65,0,0,0,0,8,1,20,11,17,5,3,1,20,0,0,7,7,17,1,0,0,1,1,109
Javi Puado,Right Winger,Midfielder,0.9,,,,,,,,,,,,,,,,,,,,,,,,,,,,,,,,,,,,,,,,,,,,,,,,,,,,,,,,,,,,,,,,,,,,,,,,
Jayson Papeau,Attacking Midfield,Midfielder,0.135,,,,,,,,,,,,,,,,,,,,,,,,,,,,,,,,,,,,,,,,,,,,,,,,,,,,,,,,,,,,,,,,,,,,,,,,
Jean Charles Castelletto,Centre Back,Defender,1.35,11,990,11,0,0,2,0,0,1,0,0,0,0,3,2,14,1,0,2,0,2,0,10,7,4,10,5,412,481,0,28,50,4,44,0,0,3,2,1,0,0,0,0,0,2,0,592,5,0,0,0,0,0,0,1,1,0,0,0,0,14,4,0,48,48,37,0,0,0,1,1,4
Jean Clair Todibo,Centre Back,Defender,7.2,14,1070,13,1,3,4,1,1,1,0,0,0,0,2,2,17,0,0,1,0,1,0,5,29,20,18,5,516,592,0,29,78,8,70,0,2,2,2,1,0,0,0,0,0,9,0,789,6,0,0,0,0,0,0,0,0,0,0,0,0,15,3,1,75,75,20,0,0,0,0,0,11
Jean Eudes Aholou,Defensive Midfield,Midfielder,6.3,56,4316,51,5,13,7,0,0,6,1,0,0,1,56,11,103,10,1,22,1,21,0,8,95,51,75,73,1714,1995,1,84,361,52,300,0,0,24,6,4,32,5,2,0,0,42,0,2705,55,0,0,0,0,0,0,0,0,7,0,0,0,75,6,0,70,70,125,2,0,1,2,1,74
Jean Kevin Augustin,Centre Forward,Striker,14.4,55,2024,20,35,17,1,0,0,13,7,1,6,1,63,30,10,15,4,29,6,22,0,1,19,11,35,62,330,411,4,19,55,35,134,0,0,50,24,9,13,6,4,0,0,72,0,897,156,2,1,0,1,0,0,1,0,24,0,0,0,29,1,0,6,6,8,1,0,23,12,8,97
Jean Kevin Duverne,Centre Back,Defender,1.8,1,7,0,1,0,0,0,0,0,0,0,0,0,0,0,0,0,0,0,0,0,0,0,1,1,1,0,0,3,0,2,0,0,3,0,0,0,0,0,0,0,0,0,0,0,0,5,0,0,0,0,0,0,0,0,0,0,0,0,0,0,0,0,0,0,0,0,0,0,0,0,0
Jean Paul Boetius,Attacking Midfield,Midfielder,5.4,40,3019,35,5,11,9,0,0,6,9,1,8,1,60,19,46,24,4,44,9,35,0,2,79,45,69,70,895,1177,4,32,180,47,228,0,0,26,10,4,34,9,2,1,0,54,0,1871,79,0,0,0,0,0,0,0,0,13,1,1,0,67,3,0,12,12,67,6,0,3,2,3,80
Jean Philippe Gbamin,Defensive Midfield,Midfielder,25.2,88,7223,81,7,8,11,2,3,3,4,1,3,1,85,22,147,37,5,42,6,38,0,22,186,137,137,88,2573,3319,5,173,562,91,533,1,1,17,5,0,68,17,3,0,0,119,0,4654,47,0,0,0,0,0,0,0,0,18,15,4,0,124,17,1,126,126,230,1,0,1,3,0,175
Jean Philippe Mateta,Centre Forward,Striker,19.8,36,2580,30,6,15,2,0,0,14,2,0,2,0,97,34,3,28,3,30,5,28,0,2,13,9,32,31,337,472,3,111,52,35,188,0,0,76,30,14,21,4,0,0,1,62,0,977,146,0,0,0,0,0,0,0,0,18,0,0,0,51,3,0,23,23,10,0,0,39,11,9,67
Jean Ricner Bellegarde,Central Midfield,Midfielder,2.25,12,852,9,3,5,2,0,0,0,0,0,0,0,5,1,13,18,5,8,0,5,3,2,21,15,16,14,371,423,1,4,63,20,59,0,0,0,0,0,5,1,0,0,1,19,0,612,6,0,0,0,0,1,0,7,7,3,0,0,0,10,1,0,4,4,39,0,0,0,0,0,32
Jean Victor Makengo,Central Midfield,Midfielder,5.4,58,2764,30,28,21,6,0,0,3,0,0,0,0,30,9,27,23,6,26,2,25,1,3,35,26,40,44,1025,1180,4,17,164,59,154,0,2,12,6,2,18,3,1,0,0,81,0,1685,36,0,0,0,0,2,2,0,0,10,0,0,0,42,2,0,9,9,34,0,0,1,1,1,92
Jeff Reine Adelaide,Central Midfield,Midfielder,22.5,54,3490,43,11,29,4,0,0,4,5,0,5,0,46,20,24,25,1,46,7,41,0,2,60,34,47,95,1304,1543,1,32,206,141,327,0,0,29,14,4,17,6,0,0,0,117,0,2436,118,1,0,0,1,0,0,4,3,18,0,0,0,46,1,0,12,12,41,4,0,4,10,2,216
Jhonder Cadiz,Centre Forward,Striker,1.8,4,160,1,3,0,2,0,0,1,0,0,0,0,5,4,0,2,0,3,1,3,0,0,2,2,5,9,35,48,0,9,3,3,22,0,0,4,3,1,1,1,0,0,0,8,0,99,13,0,0,0,0,0,0,0,0,0,0,0,0,3,0,0,1,1,5,1,0,0,0,0,9
Joaquin Fernandez,Centre Back,Defender,2.7,,,,,,,,,,,,,,,,,,,,,,,,,,,,,,,,,,,,,,,,,,,,,,,,,,,,,,,,,,,,,,,,,,,,,,,,
Johannes Buhler,Right Midfield,Midfielder,0.09,,,,,,,,,,,,,,,,,,,,,,,,,,,,,,,,,,,,,,,,,,,,,,,,,,,,,,,,,,,,,,,,,,,,,,,,
Johannes Dorfler,Right Winger,Midfielder,0.225,,,,,,,,,,,,,,,,,,,,,,,,,,,,,,,,,,,,,,,,,,,,,,,,,,,,,,,,,,,,,,,,,,,,,,,,
John Anthony Brooks,Centre Back,Defender,13.5,67,5904,67,0,3,14,0,0,5,2,0,1,1,34,12,124,2,0,7,2,5,0,35,96,60,51,48,3183,3725,0,161,279,11,309,2,1,32,11,5,2,1,0,0,0,15,1,4523,59,0,0,0,0,0,0,0,0,4,0,0,0,89,19,1,303,298,391,0,1,1,2,3,19
Jonathan Cafu,Right Winger,Midfielder,1.8,47,2491,28,19,13,7,0,0,2,3,0,3,0,36,14,41,25,1,35,2,31,1,6,35,21,48,52,1011,1185,0,31,151,24,140,0,0,19,11,2,17,3,0,0,2,39,1,1604,64,0,0,0,0,5,1,1,1,12,1,1,0,54,2,0,24,23,57,1,0,4,4,2,52
Jonathan Ikone,Attacking Midfield,Midfielder,24.3,86,5515,66,20,46,6,0,0,6,11,1,10,1,111,40,18,67,13,91,17,75,4,5,53,32,58,56,1370,1823,7,33,228,163,304,0,0,58,20,4,53,20,2,0,0,149,0,2959,201,0,0,0,0,4,0,22,16,44,6,1,0,63,5,0,12,12,55,10,0,2,9,3,276
Jonny Otto,Left Back,Defender,18,109,9007,100,9,13,25,0,0,4,5,2,4,1,62,20,232,137,27,77,7,71,1,26,285,189,113,94,3553,4330,27,101,562,111,588,2,2,28,10,4,34,10,0,0,2,128,0,7081,143,0,0,0,0,0,0,0,0,36,0,0,0,153,17,1,159,157,186,7,1,8,4,4,192
Jordan Beyer,Right Back,Defender,2.25,10,765,8,2,1,1,0,0,0,0,0,0,0,5,1,11,1,1,2,0,2,0,8,33,18,8,4,385,441,1,15,23,7,59,0,0,4,1,0,1,0,0,0,0,4,0,616,6,0,0,0,0,0,0,0,0,0,0,0,0,9,4,0,27,27,12,0,0,1,0,0,10
Jordan Graham,Left Winger,Midfielder,0.45,,,,,,,,,,,,,,,,,,,,,,,,,,,,,,,,,,,,,,,,,,,,,,,,,,,,,,,,,,,,,,,,,,,,,,,,
Jordan Siebatcheu,Centre Forward,Striker,5.4,23,883,9,14,8,2,0,0,3,2,0,2,0,25,11,5,1,0,7,0,5,0,2,9,5,18,9,111,148,0,29,30,5,52,0,0,24,10,3,1,1,0,0,0,19,0,294,51,0,0,0,0,0,0,0,0,4,0,0,0,12,0,0,6,6,1,0,0,3,6,3,12
Jorge de Frutos,Right Winger,Midfielder,4.5,2,43,0,2,0,0,0,0,0,0,0,0,0,1,0,0,2,1,1,0,1,0,0,1,1,2,0,12,14,1,0,3,1,2,0,0,1,0,0,0,0,0,0,0,4,0,27,3,0,0,0,0,0,0,0,0,0,0,0,0,0,0,0,0,0,0,0,0,0,0,0,2
Jose Angel,Left Back,Defender,4.5,79,6679,76,3,15,16,0,0,2,10,4,7,3,52,5,101,563,145,120,15,66,44,10,160,114,55,42,2247,3238,97,97,512,85,383,0,1,3,0,0,49,5,2,0,0,41,0,5608,38,0,0,0,0,63,16,94,94,63,12,3,1,91,19,1,200,197,338,0,1,2,0,0,115
Jose Callejon,Right Winger,Midfielder,18,120,9799,112,8,31,8,0,1,28,36,5,27,9,223,88,76,598,141,251,37,174,41,13,113,79,78,176,4198,4892,67,60,504,42,383,0,0,174,70,27,49,18,1,2,2,69,0,6773,462,0,0,0,0,11,3,360,277,121,5,2,0,103,29,3,69,68,185,4,0,56,33,17,91
Jose Gimenez,Centre Back,Defender,63,69,5188,56,13,5,16,0,0,1,1,0,0,1,46,12,115,10,1,14,2,13,0,38,117,82,38,63,1823,2283,1,185,312,27,387,3,1,39,10,1,7,2,0,0,0,14,0,3275,89,0,0,0,0,0,0,0,0,12,0,0,0,36,29,2,308,308,230,1,0,3,1,1,32
Jose Manuel Arnaiz,Left Winger,Midfielder,2.25,15,357,1,14,0,0,0,0,0,0,0,0,0,10,4,3,11,2,7,1,7,0,0,5,2,5,8,81,99,2,5,20,15,33,0,0,5,3,0,5,1,0,0,0,13,0,212,17,0,0,0,0,0,0,4,3,10,0,0,0,3,0,0,2,2,1,0,0,0,1,0,23
Juan Hernandez,Right Winger,Midfielder,0.9,,,,,,,,,,,,,,,,,,,,,,,,,,,,,,,,,,,,,,,,,,,,,,,,,,,,,,,,,,,,,,,,,,,,,,,,
Juan Villar,Right Winger,Midfielder,0.81,5,66,0,5,0,0,0,0,0,0,0,0,0,1,1,1,1,0,0,0,0,0,0,0,0,2,0,11,21,0,3,5,0,3,0,0,0,0,0,1,1,0,0,0,1,0,30,0,0,0,0,0,0,0,0,0,1,0,0,0,1,0,0,0,0,0,0,0,0,0,0,0
Julian Albrecht,Central Midfield,Midfielder,0.27,,,,,,,,,,,,,,,,,,,,,,,,,,,,,,,,,,,,,,,,,,,,,,,,,,,,,,,,,,,,,,,,,,,,,,,,
Junior Firpo,Left Back,Defender,22.5,42,3361,39,3,4,12,0,0,6,6,0,6,0,33,12,46,48,10,31,5,24,1,5,72,47,56,45,1375,1651,10,59,168,37,211,1,1,27,11,6,6,1,0,0,0,23,0,2496,124,0,0,0,0,0,0,0,0,23,0,0,0,41,17,0,64,64,38,1,0,4,5,4,65
Kang in Lee,Attacking Midfield,Midfielder,18,9,235,2,7,2,2,0,1,1,0,0,0,0,5,2,3,13,3,4,0,4,0,0,3,0,8,4,82,91,2,0,9,6,13,0,0,2,1,1,3,1,0,0,0,5,0,151,6,0,0,0,0,0,0,1,1,3,0,0,0,5,0,0,0,0,2,1,0,0,0,1,8
Kasim Adams,Centre Back,Defender,6.3,18,1273,15,3,3,4,1,1,1,1,0,1,0,6,3,36,0,0,2,0,1,0,13,22,12,26,8,595,742,0,38,76,9,77,0,0,5,3,1,1,0,0,0,0,4,0,943,6,0,0,0,0,0,0,0,0,3,0,0,0,22,3,1,60,60,57,0,1,0,2,1,11
Kayembe,Left Midfield,Midfielder,0.45,3,87,1,2,1,0,0,0,0,0,0,0,0,1,1,0,4,0,1,0,1,0,0,1,0,1,1,17,19,0,0,3,1,3,0,0,0,0,0,1,1,0,0,0,1,0,39,7,0,0,0,0,0,0,0,0,2,0,0,0,0,0,0,3,3,0,0,0,1,0,0,4
Kean Bryan,Centre Back,Defender,0.225,,,,,,,,,,,,,,,,,,,,,,,,,,,,,,,,,,,,,,,,,,,,,,,,,,,,,,,,,,,,,,,,,,,,,,,,
Kevin Monnet Paquet,Left Winger,Midfielder,1.8,87,5622,64,23,32,4,0,0,7,8,2,8,0,94,32,54,118,22,76,8,67,1,12,123,83,77,52,1539,1964,22,89,338,75,336,0,2,68,25,7,26,7,0,0,0,157,0,3306,210,0,0,0,0,0,0,0,0,60,0,0,0,78,13,1,55,55,24,1,0,21,12,6,163
Kevin NDoram,Defensive Midfield,Midfielder,3.6,29,2044,21,8,1,6,0,0,0,1,0,1,0,9,2,45,0,0,6,0,5,0,9,56,37,32,35,1150,1285,0,51,121,16,157,0,1,4,2,0,5,0,0,0,0,13,0,1594,9,0,0,0,0,0,0,0,0,2,0,0,0,28,6,0,49,48,81,0,0,0,1,0,21
Kevin Prince Boateng,Centre Forward,Striker,6.3,83,5774,68,15,29,19,1,2,21,6,1,5,1,161,62,58,40,10,56,5,50,0,15,66,45,162,209,1778,2299,8,130,241,33,428,0,2,118,48,16,43,14,5,0,0,117,0,3434,231,2,2,0,0,1,0,2,2,26,2,0,0,97,4,3,93,92,100,3,0,60,12,11,64
Kevin Rodrigues,Left Back,Defender,2.7,34,2395,26,8,1,4,0,0,1,2,0,2,0,21,6,39,94,19,24,0,22,0,9,76,47,34,24,807,981,18,28,151,25,152,0,0,8,3,1,13,3,0,0,0,26,1,1690,19,0,0,0,0,0,0,3,1,12,0,0,0,44,5,0,50,50,28,0,0,0,0,0,42
Kevin Vazquez,Right Back,Defender,0.45,,,,,,,,,,,,,,,,,,,,,,,,,,,,,,,,,,,,,,,,,,,,,,,,,,,,,,,,,,,,,,,,,,,,,,,,
Khephren Thuram,Defensive Midfield,Midfielder,1.35,2,75,1,1,1,0,0,0,0,0,0,0,0,0,0,1,0,0,1,0,1,0,0,1,0,2,0,31,36,0,0,5,0,1,0,0,0,0,0,0,0,0,0,0,2,0,44,0,0,0,0,0,0,0,0,0,0,0,0,0,1,0,0,0,0,1,0,0,0,0,0,0
Konstantinos Stafylidis,Left Back,Defender,2.7,51,3899,45,6,11,7,0,0,4,0,0,0,0,62,14,114,129,21,30,3,17,13,17,102,67,38,45,1148,1530,8,51,243,16,212,0,0,7,2,1,55,12,3,0,0,22,0,2759,10,0,0,0,0,13,0,38,36,19,15,6,1,69,11,0,139,126,164,1,1,1,0,1,29
Kyle Walker Peters,Right Back,Defender,9,12,804,9,3,1,1,0,0,0,5,0,5,0,3,0,10,24,7,12,2,7,0,3,20,13,6,19,398,470,7,7,42,18,64,0,1,1,0,0,2,0,0,0,0,11,0,717,16,0,0,0,0,0,0,0,0,9,0,0,0,12,3,0,15,15,10,0,0,2,1,0,26
Laurenz Dehl,Attacking Midfield,Midfielder,0.135,,,,,,,,,,,,,,,,,,,,,,,,,,,,,,,,,,,,,,,,,,,,,,,,,,,,,,,,,,,,,,,,,,,,,,,,
Leandro Barreiro Martins,Central Midfield,Midfielder,0.45,2,91,1,1,0,1,0,0,0,0,0,0,0,1,0,2,0,0,1,0,1,0,0,4,4,1,0,14,25,0,2,4,3,9,0,0,0,0,0,1,0,0,0,0,0,0,40,1,0,0,0,0,0,0,0,0,0,0,0,0,5,0,0,1,1,2,0,0,0,0,0,3
Lennard Maloney,Centre Back,Defender,0.135,,,,,,,,,,,,,,,,,,,,,,,,,,,,,,,,,,,,,,,,,,,,,,,,,,,,,,,,,,,,,,,,,,,,,,,,
Lenny Vallier,Left Back,Defender,0.27,,,,,,,,,,,,,,,,,,,,,,,,,,,,,,,,,,,,,,,,,,,,,,,,,,,,,,,,,,,,,,,,,,,,,,,,
Leonardo Fontanesi,Centre Back,Defender,0.135,,,,,,,,,,,,,,,,,,,,,,,,,,,,,,,,,,,,,,,,,,,,,,,,,,,,,,,,,,,,,,,,,,,,,,,,
Levent Mercan,Central Midfield,Midfielder,0.45,2,5,0,2,0,0,0,0,0,0,0,0,0,0,0,0,1,0,0,0,0,0,0,0,0,0,0,4,4,0,0,1,0,0,0,0,0,0,0,0,0,0,0,0,0,0,6,0,0,0,0,0,0,0,0,0,0,0,0,0,0,0,0,0,0,0,0,0,0,0,0,0
Lillo Castellano,Right Back,Defender,0.63,,,,,,,,,,,,,,,,,,,,,,,,,,,,,,,,,,,,,,,,,,,,,,,,,,,,,,,,,,,,,,,,,,,,,,,,
Lorenzo Pirola,Centre Back,Defender,0.36,,,,,,,,,,,,,,,,,,,,,,,,,,,,,,,,,,,,,,,,,,,,,,,,,,,,,,,,,,,,,,,,,,,,,,,,
Luan Candido,Left Back,Defender,3.6,,,,,,,,,,,,,,,,,,,,,,,,,,,,,,,,,,,,,,,,,,,,,,,,,,,,,,,,,,,,,,,,,,,,,,,,
Luca Itter,Left Back,Defender,1.8,7,507,6,1,2,1,0,0,0,0,0,0,0,0,0,11,11,2,2,0,2,0,0,23,15,5,7,150,188,2,4,29,8,42,0,0,0,0,0,0,0,0,0,0,7,0,325,0,0,0,0,0,0,0,0,0,2,0,0,0,8,0,1,11,11,8,0,0,0,0,0,16
Luca Sangalli,Attacking Midfield,Midfielder,3.6,22,1080,13,9,10,0,0,0,1,3,0,3,0,16,9,5,23,6,13,3,9,1,1,19,13,11,17,306,404,5,11,75,17,64,0,0,8,4,1,8,5,0,0,1,18,0,589,20,0,0,0,0,1,1,4,3,4,0,0,0,19,0,0,3,3,8,1,0,0,3,1,24
Lucien Agoume,Central Midfield,Midfielder,3.15,,,,,,,,,,,,,,,,,,,,,,,,,,,,,,,,,,,,,,,,,,,,,,,,,,,,,,,,,,,,,,,,,,,,,,,,
Lumor,Left Back,Defender,1.26,8,566,6,2,0,1,0,0,0,0,0,0,0,3,0,5,21,1,3,1,2,1,0,8,4,4,3,159,213,1,7,37,7,24,0,0,0,0,0,3,0,0,0,0,2,0,405,1,0,0,0,0,0,0,0,0,6,0,0,0,11,0,0,22,22,6,0,1,0,0,0,14
Madih Talal,Central Midfield,Midfielder,0.27,,,,,,,,,,,,,,,,,,,,,,,,,,,,,,,,,,,,,,,,,,,,,,,,,,,,,,,,,,,,,,,,,,,,,,,,
Mads Bidstrup,Central Midfield,Midfielder,0.9,,,,,,,,,,,,,,,,,,,,,,,,,,,,,,,,,,,,,,,,,,,,,,,,,,,,,,,,,,,,,,,,,,,,,,,,
Malik Talabidi,Centre Back,Defender,0.135,,,,,,,,,,,,,,,,,,,,,,,,,,,,,,,,,,,,,,,,,,,,,,,,,,,,,,,,,,,,,,,,,,,,,,,,
Manu Morlanes,Central Midfield,Midfielder,2.25,,,,,,,,,,,,,,,,,,,,,,,,,,,,,,,,,,,,,,,,,,,,,,,,,,,,,,,,,,,,,,,,,,,,,,,,
Mapou Yanga Mbiwa,Centre Back,Defender,1.8,27,2213,25,2,1,8,0,0,0,0,0,0,0,6,1,43,0,0,0,0,0,0,8,39,23,29,18,1303,1466,0,30,163,6,93,0,3,5,1,0,1,0,0,0,0,5,0,1742,6,0,0,0,0,0,0,0,0,2,0,0,0,31,10,0,100,96,95,1,0,0,3,0,8
Marcal,Left Back,Defender,4.5,64,5136,60,4,9,7,1,1,0,10,2,10,0,23,8,150,160,47,79,12,61,8,23,156,105,69,78,2639,3188,43,128,387,29,385,0,1,7,6,0,16,2,0,0,1,37,1,4870,57,0,0,0,0,3,1,8,6,30,1,0,0,61,17,1,217,206,202,1,0,2,0,0,61
Marcel Hilssner,Right Winger,Midfielder,0.36,,,,,,,,,,,,,,,,,,,,,,,,,,,,,,,,,,,,,,,,,,,,,,,,,,,,,,,,,,,,,,,,,,,,,,,,
Marco DAlessandro,Right Midfield,Midfielder,1.8,68,3549,36,32,17,6,0,0,2,4,0,3,1,39,14,31,134,34,61,3,56,1,4,110,69,45,83,831,1108,34,10,206,102,305,1,1,28,13,2,11,1,0,0,0,54,0,2144,109,0,0,0,0,0,0,7,2,35,0,0,0,52,2,0,49,48,27,0,0,5,4,2,168
Marco van Ginkel,Central Midfield,Midfielder,9,,,,,,,,,,,,,,,,,,,,,,,,,,,,,,,,,,,,,,,,,,,,,,,,,,,,,,,,,,,,,,,,,,,,,,,,
Mariano Diaz,Centre Forward,Striker,18,88,5766,63,25,18,16,0,0,22,7,0,6,1,138,54,43,115,29,74,10,64,2,6,88,61,75,40,1466,1870,29,74,231,65,267,0,0,90,38,16,48,16,6,0,1,71,0,3100,212,1,1,0,0,1,0,0,0,34,9,2,0,76,15,0,53,52,80,4,0,43,12,15,115
Marten de Roon,Central Midfield,Midfielder,21.6,111,9017,102,9,12,30,1,1,10,8,0,8,0,94,28,151,55,12,75,6,67,0,26,266,158,201,60,4800,5661,12,179,673,26,529,1,0,37,16,9,57,12,1,0,0,52,0,6977,109,3,2,1,0,1,0,1,1,23,1,0,0,120,26,3,150,149,306,1,0,5,3,6,40
Martin Aguirregabiria,Right Back,Defender,6.75,57,4604,51,6,7,9,0,0,0,4,1,4,0,4,1,70,107,18,25,4,20,1,20,118,74,52,52,1137,1605,18,46,282,49,263,0,1,0,0,0,4,1,0,0,0,26,0,2913,17,0,0,0,0,0,0,0,0,16,0,0,0,58,15,0,134,134,75,1,0,0,0,0,86
Mathieu Dossevi,Right Winger,Midfielder,2.25,77,5684,68,9,30,2,0,0,6,14,1,10,4,70,23,67,535,162,171,25,106,51,4,89,60,63,91,1410,1826,85,29,316,128,335,0,0,40,16,6,30,7,0,0,0,123,0,3540,197,0,0,0,0,39,8,179,169,82,1,0,0,108,6,0,15,15,63,0,0,26,4,4,253
Mattia Viviani,Defensive Midfield,Midfielder,0.36,,,,,,,,,,,,,,,,,,,,,,,,,,,,,,,,,,,,,,,,,,,,,,,,,,,,,,,,,,,,,,,,,,,,,,,,
Maurice Opfermann Arcones,Defensive Midfield,Midfielder,0.135,,,,,,,,,,,,,,,,,,,,,,,,,,,,,,,,,,,,,,,,,,,,,,,,,,,,,,,,,,,,,,,,,,,,,,,,
MBaye Niang,Centre Forward,Striker,10.8,100,6571,76,24,44,12,1,1,24,9,1,8,1,197,77,36,160,24,57,10,45,3,9,73,52,161,171,1346,1795,19,150,326,109,501,0,0,132,54,20,65,23,4,1,2,163,0,3454,336,6,3,0,3,1,1,18,13,91,3,2,0,95,7,0,49,48,69,1,0,49,18,8,275
Michael Cuisance,Central Midfield,Midfielder,10.8,37,1494,10,27,4,6,0,0,0,2,0,1,1,35,6,19,37,10,26,2,18,6,3,41,25,41,18,658,807,3,5,79,48,111,0,1,10,2,0,25,4,0,0,0,40,0,1194,28,0,0,0,0,9,2,16,14,6,5,0,0,26,2,0,10,10,53,4,0,1,2,0,81
Ming Yang Yang,Central Midfield,Midfielder,0.225,,,,,,,,,,,,,,,,,,,,,,,,,,,,,,,,,,,,,,,,,,,,,,,,,,,,,,,,,,,,,,,,,,,,,,,,
Mitchel Bakker,Left Back,Defender,0.45,,,,,,,,,,,,,,,,,,,,,,,,,,,,,,,,,,,,,,,,,,,,,,,,,,,,,,,,,,,,,,,,,,,,,,,,
Morgan Gibbs White,Central Midfield,Midfielder,7.2,29,770,6,23,6,1,0,0,0,1,0,1,0,10,1,3,19,6,14,2,11,2,0,6,3,10,7,321,385,2,15,47,13,41,0,0,6,1,0,4,0,0,1,0,16,0,534,19,0,0,0,0,1,0,9,9,3,0,0,0,14,0,0,0,0,21,2,0,2,2,0,21
Muhammed Kiprit,Centre Forward,Striker,0.27,,,,,,,,,,,,,,,,,,,,,,,,,,,,,,,,,,,,,,,,,,,,,,,,,,,,,,,,,,,,,,,,,,,,,,,,
Nacho Martinez,Left Back,Defender,4.5,122,10247,112,10,7,31,1,1,6,8,1,6,2,46,15,182,232,40,77,11,64,5,43,267,187,139,107,4343,5176,38,151,609,41,558,1,2,25,10,4,21,5,2,0,0,29,1,7428,130,0,0,0,0,5,2,2,0,38,1,1,1,133,33,2,295,294,257,1,2,10,2,2,80
Nathan NGoumou,Right Winger,Midfielder,0.27,1,71,1,0,1,0,0,0,0,0,0,0,0,1,0,0,0,0,0,0,0,0,0,1,1,1,0,28,32,0,0,5,1,2,0,0,0,0,0,1,0,0,0,0,1,0,46,1,0,0,0,0,0,0,0,0,0,0,0,0,2,0,0,2,2,1,0,0,0,0,0,2
Nehuen Paz,Centre Back,Defender,0.36,,,,,,,,,,,,,,,,,,,,,,,,,,,,,,,,,,,,,,,,,,,,,,,,,,,,,,,,,,,,,,,,,,,,,,,,
Nenad Tomovic,Centre Back,Defender,0.54,73,5626,65,8,13,22,0,0,1,2,0,1,1,26,4,114,59,11,20,0,18,0,41,79,62,101,49,2467,2921,11,116,265,14,252,1,1,21,3,1,5,1,0,0,0,14,1,4006,42,0,0,0,0,0,0,0,0,7,0,0,0,105,14,5,258,252,191,2,1,2,5,0,28
Neyder Lozano,Centre Back,Defender,0.54,,,,,,,,,,,,,,,,,,,,,,,,,,,,,,,,,,,,,,,,,,,,,,,,,,,,,,,,,,,,,,,,,,,,,,,,
NGolo Kante,Central Midfield,Midfielder,90,109,9519,108,1,9,16,0,0,8,6,1,6,0,85,20,220,43,9,110,10,102,1,15,324,202,137,45,5684,6434,9,65,851,118,551,0,5,28,9,5,57,11,3,0,0,129,0,8107,114,0,0,0,0,0,0,0,0,20,0,0,0,108,38,0,98,97,262,11,1,7,7,2,170
Nicolas de Preville,Centre Forward,Striker,3.6,94,6203,69,25,35,14,0,0,26,9,1,5,4,179,61,47,243,48,106,17,75,22,7,101,76,154,138,1535,2079,18,111,328,131,473,0,1,102,36,17,77,25,9,0,0,173,0,3833,268,7,6,0,1,21,6,98,89,68,15,3,1,84,8,1,65,65,92,4,0,21,9,16,279
Nicolas Isimat Mirin,Centre Back,Defender,1.13,7,540,7,0,0,1,0,0,0,0,0,0,0,2,2,8,0,0,2,0,2,0,10,8,4,7,3,227,273,0,29,31,1,41,0,0,2,2,0,0,0,0,0,0,0,0,359,7,0,0,0,0,0,0,0,0,0,0,0,0,15,0,0,36,36,19,0,0,0,0,0,1
Nicolas NKoulou,Centre Back,Defender,18,91,8027,91,0,2,13,2,2,4,0,0,0,0,26,8,172,1,1,11,1,11,0,57,121,84,96,77,3519,3919,1,211,624,34,438,1,2,23,8,4,3,0,0,0,0,21,0,5028,43,0,0,0,0,0,0,0,0,2,0,0,0,105,27,5,412,408,269,1,1,0,1,2,42
Nicolo Armini,Centre Back,Defender,0.18,,,,,,,,,,,,,,,,,,,,,,,,,,,,,,,,,,,,,,,,,,,,,,,,,,,,,,,,,,,,,,,,,,,,,,,,
Nils Stendera,Defensive Midfield,Midfielder,0.18,,,,,,,,,,,,,,,,,,,,,,,,,,,,,,,,,,,,,,,,,,,,,,,,,,,,,,,,,,,,,,,,,,,,,,,,
Noah Sarenren Bazee,Right Winger,Midfielder,1.13,10,270,3,7,3,1,0,0,0,0,0,0,0,5,0,0,9,0,0,0,0,0,0,0,0,5,7,16,35,0,3,16,5,15,0,0,4,0,0,1,0,0,0,0,7,0,114,12,0,0,0,0,0,0,0,0,2,0,0,0,6,0,0,6,6,0,0,0,4,0,0,12
Nuno Da Costa,Centre Forward,Striker,4.5,69,4155,47,22,31,9,0,1,13,7,0,7,0,88,30,35,40,7,39,5,32,0,2,101,68,81,86,614,920,7,112,157,89,385,0,0,67,24,13,21,6,0,0,2,105,0,1919,207,1,1,0,0,0,0,0,0,33,0,0,0,66,1,1,11,11,25,6,0,17,6,8,168
Okay Yokuslu,Defensive Midfield,Midfielder,10.8,34,2487,30,4,14,10,0,0,2,0,0,0,0,19,7,40,2,1,12,1,12,0,11,66,44,46,35,1343,1566,1,90,218,30,220,0,2,12,5,2,7,2,0,0,0,25,0,1976,25,0,0,0,0,0,0,0,0,3,0,0,0,48,4,0,59,59,87,0,0,1,0,2,43
Oscar Rodriguez,Attacking Midfield,Midfielder,9,41,3206,38,3,19,6,0,1,6,3,0,1,2,82,31,20,170,48,57,10,34,20,2,52,28,39,42,901,1201,13,24,180,51,169,0,0,26,11,5,56,20,1,0,1,39,0,1918,78,0,0,0,0,22,4,95,81,31,18,9,1,39,6,0,13,13,63,1,0,4,2,4,104
Oumar Solet,Centre Back,Defender,0.9,2,68,1,1,1,1,0,0,0,0,0,0,0,0,0,0,0,0,0,0,0,0,1,1,0,2,0,46,51,0,1,5,0,2,0,0,0,0,0,0,0,0,0,0,0,0,57,0,0,0,0,0,0,0,0,0,0,0,0,0,2,0,0,1,1,0,0,0,0,0,0,0
Pablo Chavarria,Centre Forward,Striker,2.25,31,1983,23,8,11,3,0,0,5,3,0,3,0,44,17,4,28,7,22,0,19,0,0,21,13,47,22,245,391,7,81,54,10,129,0,0,40,15,5,4,2,0,0,0,22,0,697,108,0,0,0,0,0,0,0,0,13,0,0,0,25,4,0,19,19,3,0,0,30,5,4,25
Pablo de Blasis,Left Winger,Midfielder,1.8,88,5416,59,29,21,10,0,1,12,8,0,6,2,80,40,57,142,37,89,14,80,1,1,112,64,81,62,1562,2219,37,91,330,48,308,0,0,54,31,11,26,9,1,0,1,90,0,3445,165,4,4,0,0,1,0,0,0,38,4,2,0,78,9,0,61,61,130,2,0,19,2,9,115
Pablo Hervias,Right Winger,Midfielder,0.63,10,432,4,6,3,1,0,0,1,1,0,1,0,13,5,3,48,6,10,1,4,5,0,3,1,5,9,114,134,2,4,22,7,23,0,0,1,0,0,12,5,1,0,0,7,0,248,7,0,0,0,0,7,1,18,12,10,4,2,1,10,0,0,0,0,5,0,0,0,0,0,14
Papa Ndiaga Yade,Second Striker,Striker,0.135,,,,,,,,,,,,,,,,,,,,,,,,,,,,,,,,,,,,,,,,,,,,,,,,,,,,,,,,,,,,,,,,,,,,,,,,
Pape Cheikh,Central Midfield,Midfielder,6.3,36,1193,11,25,8,8,1,1,1,1,0,1,0,6,2,7,0,0,9,1,8,0,4,28,16,49,28,521,586,0,5,61,15,76,1,0,4,1,1,2,1,0,0,0,10,0,755,10,0,0,0,0,0,0,0,0,2,0,0,0,21,1,0,7,7,28,0,0,0,0,0,25
Pape Diop,Defensive Midfield,Midfielder,1.35,75,5250,60,15,14,27,0,0,1,1,0,0,1,65,8,88,21,4,23,1,22,0,6,132,86,156,97,1677,2261,4,193,348,30,442,0,0,34,6,1,31,2,0,0,0,27,0,2994,68,0,0,0,0,0,0,0,0,11,0,0,0,87,9,0,75,75,134,1,0,1,0,0,40
Papu Gomez,Second Striker,Striker,14.4,117,9559,113,4,46,13,0,0,33,36,9,25,11,356,142,68,993,287,325,62,180,105,1,64,46,82,319,3732,4516,118,14,519,287,684,0,0,171,85,27,185,57,6,1,4,209,0,7569,437,5,4,0,1,58,16,517,468,158,15,5,0,121,14,1,15,15,211,14,0,50,26,20,442
Patrick Finger,Attacking Midfield,Midfielder,0.135,,,,,,,,,,,,,,,,,,,,,,,,,,,,,,,,,,,,,,,,,,,,,,,,,,,,,,,,,,,,,,,,,,,,,,,,
Paulo Otavio,Left Back,Defender,0.9,,,,,,,,,,,,,,,,,,,,,,,,,,,,,,,,,,,,,,,,,,,,,,,,,,,,,,,,,,,,,,,,,,,,,,,,
Per Ciljan Skjelbred,Central Midfield,Midfielder,1.58,78,5910,68,10,18,9,0,0,0,1,0,1,0,16,3,131,13,4,20,2,19,0,13,204,145,106,53,2778,3246,4,72,338,37,362,0,0,2,0,0,14,3,0,0,0,29,0,4009,12,0,0,0,0,0,0,0,0,1,0,0,0,85,14,1,57,57,179,0,0,1,1,0,53
Phil Ofosu Ayeh,Right Back,Defender,0.27,,,,,,,,,,,,,,,,,,,,,,,,,,,,,,,,,,,,,,,,,,,,,,,,,,,,,,,,,,,,,,,,,,,,,,,,
Pierre Emerick Aubameyang,Centre Forward,Striker,63,108,8977,100,8,19,5,1,1,84,14,3,14,0,331,164,29,137,30,95,21,81,0,2,54,41,60,65,1507,2082,30,109,190,69,296,0,0,280,152,80,51,12,4,0,0,96,0,3392,549,15,10,1,4,0,0,0,0,103,10,3,1,128,20,0,32,32,29,2,0,88,76,63,157
Pierre Emile Hojbjerg,Central Midfield,Midfielder,13.5,87,6651,74,13,13,17,1,2,4,3,0,3,0,110,32,141,67,20,69,4,64,1,18,180,119,118,115,3786,4491,18,106,692,73,471,2,2,42,9,3,68,23,1,0,0,108,0,5886,89,0,0,0,0,1,1,2,2,28,3,0,0,129,12,1,97,95,234,8,0,2,4,2,114
Pierre Lees Melou,Central Midfield,Midfielder,7.2,105,8519,97,8,26,16,0,2,14,11,0,9,2,149,60,109,198,59,122,14,89,22,26,269,161,147,110,3493,4178,20,64,569,78,517,0,2,81,41,10,68,19,4,1,1,118,1,5881,222,1,1,0,0,11,5,87,84,65,0,0,0,118,24,0,103,102,243,6,0,17,11,6,126
Pipa,Right Back,Defender,0.27,1,26,0,1,0,1,0,0,0,0,0,0,0,1,1,0,0,0,1,0,1,0,0,0,0,0,1,2,5,0,0,1,0,1,0,0,1,1,0,0,0,0,0,0,0,0,9,3,0,0,0,0,0,0,0,0,1,0,0,0,1,0,0,0,0,0,0,0,0,1,0,1
Radoslav Tsonev,Central Midfield,Midfielder,0.225,,,,,,,,,,,,,,,,,,,,,,,,,,,,,,,,,,,,,,,,,,,,,,,,,,,,,,,,,,,,,,,,,,,,,,,,
Ricky Holmes,Left Winger,Midfielder,0.315,,,,,,,,,,,,,,,,,,,,,,,,,,,,,,,,,,,,,,,,,,,,,,,,,,,,,,,,,,,,,,,,,,,,,,,,
Rober Pier,Centre Back,Defender,2.25,60,4846,52,8,3,10,0,0,1,0,0,0,0,16,2,92,6,2,10,2,10,0,55,79,54,47,23,1485,1814,2,84,319,18,200,0,3,13,1,1,3,1,0,0,0,15,2,2469,35,0,0,0,0,0,0,0,0,1,0,0,0,95,8,2,203,203,158,0,0,1,1,1,18
Roberto Correa,Right Back,Defender,0.72,,,,,,,,,,,,,,,,,,,,,,,,,,,,,,,,,,,,,,,,,,,,,,,,,,,,,,,,,,,,,,,,,,,,,,,,
Roberto Pierno,Right Back,Defender,0.09,,,,,,,,,,,,,,,,,,,,,,,,,,,,,,,,,,,,,,,,,,,,,,,,,,,,,,,,,,,,,,,,,,,,,,,,
Rodrigo de Paul,Central Midfield,Midfielder,22.5,114,8349,99,15,38,19,0,2,17,17,3,8,9,201,69,68,573,145,221,34,144,60,6,146,97,107,218,2784,3607,57,9,588,220,592,0,2,67,28,10,134,41,7,0,0,199,0,6035,179,10,7,1,2,61,16,265,220,106,17,4,0,136,13,2,29,27,326,15,0,3,16,9,357
Ronael Pierre Gabriel,Right Back,Defender,3.6,37,2732,31,6,8,8,0,1,0,1,0,1,0,11,3,47,42,9,16,2,14,1,4,107,77,33,35,891,1090,9,29,121,41,212,0,0,3,1,0,8,2,0,0,0,21,0,1926,12,0,0,0,0,0,0,0,0,6,0,0,0,51,9,1,89,87,45,0,1,0,0,0,60
Ruben Garcia,Attacking Midfield,Midfielder,3.15,9,679,8,1,5,0,0,0,3,1,0,1,0,15,6,5,49,11,14,1,7,6,0,17,9,14,4,223,289,3,3,41,7,31,0,0,7,3,3,8,3,0,0,0,7,0,483,19,0,0,0,0,4,0,30,23,9,4,2,0,10,0,0,9,9,13,0,0,2,1,1,15
Ruben Loftus Cheek,Central Midfield,Midfielder,27,54,2889,27,27,7,1,0,0,8,5,0,5,0,61,16,33,14,3,44,7,36,0,6,40,27,29,85,1153,1358,3,54,211,115,294,0,0,41,12,6,20,4,2,0,1,75,0,2095,150,0,0,0,0,0,0,2,0,14,0,0,0,39,6,0,32,32,35,2,0,5,5,6,176
Saad Agouzoul,Centre Back,Defender,0.54,,,,,,,,,,,,,,,,,,,,,,,,,,,,,,,,,,,,,,,,,,,,,,,,,,,,,,,,,,,,,,,,,,,,,,,,
Saif Eddine Khaoui,Attacking Midfield,Midfielder,3.15,70,3526,39,31,31,2,0,0,8,3,0,2,1,95,35,47,147,35,47,4,26,18,3,81,43,63,38,832,1162,3,22,213,77,218,0,0,29,14,4,66,21,4,0,0,61,0,1980,74,1,0,0,1,34,8,91,82,19,9,6,1,60,2,0,15,14,37,1,0,1,4,2,126
Salva Sevilla,Central Midfield,Midfielder,0.18,,,,,,,,,,,,,,,,,,,,,,,,,,,,,,,,,,,,,,,,,,,,,,,,,,,,,,,,,,,,,,,,,,,,,,,,
Samu Chukwueze,Right Winger,Midfielder,27,36,2308,25,11,12,2,0,0,7,3,0,3,0,73,29,11,29,4,32,6,29,0,2,29,18,24,29,502,695,4,18,139,63,139,0,0,43,17,5,30,12,2,0,1,39,0,1175,166,0,0,0,0,0,0,2,0,21,0,0,0,39,1,0,8,8,35,1,0,21,11,1,116
Seong hoon Cheon,Centre Forward,Striker,0.225,0,0,0,0,0,0,0,0,0,0,0,0,0,0,0,0,0,0,0,0,0,0,0,0,0,0,0,0,0,0,0,0,0,0,0,0,0,0,0,0,0,0,0,0,0,0,0,0,0,0,0,0,0,0,0,0,0,0,0,0,0,0,0,0,0,0,0,0,0,0,0,0
Sepp van den Berg,Centre Back,Defender,1.8,,,,,,,,,,,,,,,,,,,,,,,,,,,,,,,,,,,,,,,,,,,,,,,,,,,,,,,,,,,,,,,,,,,,,,,,
Sergej Milinkovic Savic,Central Midfield,Midfielder,58.5,110,8719,102,8,31,24,0,1,22,16,1,15,1,259,83,101,115,15,158,24,140,1,21,190,133,203,154,3896,5009,15,405,656,146,875,0,1,135,53,15,124,30,7,0,1,210,0,7138,376,0,0,0,0,0,0,1,1,75,15,3,1,118,18,1,130,130,291,21,0,32,13,8,233
Sergi Guardiola,Centre Forward,Striker,4.5,32,2507,29,3,4,2,0,0,6,1,0,1,0,73,21,7,28,1,12,3,11,0,0,22,12,57,49,374,569,1,55,59,34,159,0,1,55,17,5,18,4,1,0,2,44,0,1054,116,1,0,0,1,0,0,0,0,26,0,0,0,40,5,0,22,22,24,2,0,17,9,4,63
Serhou Guirassy,Centre Forward,Striker,4.5,45,2982,32,13,9,7,0,1,10,2,0,1,1,85,30,9,16,2,27,6,24,0,4,16,11,60,111,639,923,2,207,103,24,350,0,0,63,24,10,22,6,0,0,0,77,0,1569,132,4,3,0,1,0,0,0,0,21,4,2,0,51,5,1,36,36,14,1,0,23,15,10,67
Sokratis,Centre Back,Defender,18,92,7864,90,2,8,26,0,1,6,2,2,0,2,49,9,112,4,1,18,6,15,1,56,180,123,126,124,5057,5758,1,272,365,24,582,1,1,40,7,5,9,2,1,0,0,23,0,6911,65,0,0,0,0,0,0,0,0,11,0,0,0,113,22,2,358,352,370,1,1,3,0,3,32
Solly March,Left Midfield,Midfielder,7.2,77,4787,53,24,25,5,0,0,2,7,0,4,3,79,21,49,275,66,69,13,46,14,9,119,70,61,56,1198,1599,40,42,301,104,321,0,1,31,11,2,48,10,0,1,2,93,0,2901,110,0,0,0,0,12,6,61,49,59,4,1,0,76,8,0,61,61,81,3,0,14,3,1,177
Stephane Zobo,Centre Forward,Striker,0.135,,,,,,,,,,,,,,,,,,,,,,,,,,,,,,,,,,,,,,,,,,,,,,,,,,,,,,,,,,,,,,,,,,,,,,,,
Sung yong Ki,Defensive Midfield,Midfielder,5.4,69,4594,49,20,16,7,0,0,2,4,0,1,3,38,9,75,130,42,50,4,26,20,5,65,47,40,57,1917,2185,3,28,283,21,168,0,0,8,1,0,30,8,2,0,0,37,0,2833,37,0,0,0,0,31,11,84,76,16,2,1,0,83,6,0,61,61,169,1,0,2,1,0,33
Theo Sainte Luce,Left Back,Defender,0.135,2,2,0,2,0,0,0,0,0,0,0,0,0,0,0,0,0,0,0,0,0,0,0,0,0,0,0,1,1,0,0,0,0,0,0,0,0,0,0,0,0,0,0,0,1,0,2,0,0,0,0,0,0,0,0,0,0,0,0,0,0,0,0,0,0,0,0,0,0,0,0,0
Thiago,Central Midfield,Midfielder,63,84,6604,72,12,13,15,0,0,10,13,4,11,2,91,34,213,130,36,122,11,79,29,12,219,166,124,81,6366,6983,4,117,605,168,580,2,0,43,21,8,48,13,2,0,0,86,0,8364,111,0,0,0,0,23,4,113,86,24,2,1,0,60,26,1,34,34,567,3,0,3,8,7,226
Thody Elie Youan,Centre Forward,Striker,0.225,3,39,0,3,0,0,0,0,0,0,0,0,0,1,1,0,0,0,0,0,0,0,0,2,1,0,0,14,19,0,2,2,1,5,0,0,1,1,0,0,0,0,0,0,3,0,27,4,0,0,0,0,0,0,0,0,0,0,0,0,1,0,0,0,0,0,0,0,0,0,0,2
Thomas,Defensive Midfield,Midfielder,45,92,5789,64,28,20,22,1,1,8,6,1,5,1,69,14,131,59,15,51,5,38,6,14,197,132,106,70,3011,3590,5,120,482,112,498,1,4,15,5,3,54,9,5,0,0,56,0,4734,45,1,0,0,1,2,1,26,26,17,6,1,1,39,24,1,72,72,214,4,0,0,3,3,132
Tiago Casasola,Right Back,Defender,0.45,,,,,,,,,,,,,,,,,,,,,,,,,,,,,,,,,,,,,,,,,,,,,,,,,,,,,,,,,,,,,,,,,,,,,,,,
Timothe Nkada,Centre Forward,Striker,0.135,2,28,0,2,0,0,0,0,0,0,0,0,0,0,0,0,1,1,1,1,1,0,0,0,0,2,2,3,5,1,1,1,0,2,0,0,0,0,0,0,0,0,0,0,0,0,11,1,0,0,0,0,0,0,0,0,0,0,0,0,0,0,0,0,0,0,0,0,0,0,0,0
Timothee Kolodziejczak,Centre Back,Defender,5.4,49,4106,44,5,1,10,0,0,3,3,0,3,0,23,7,78,52,13,17,1,13,1,13,54,37,40,16,1916,2331,13,59,231,15,141,0,3,20,6,3,3,1,0,0,0,9,0,3086,38,0,0,0,0,0,0,0,0,5,0,0,0,55,15,1,140,135,146,0,0,1,1,2,24
Timothy Fosu Mensah,Right Back,Defender,6.3,37,2484,28,9,6,5,0,0,0,0,0,0,0,13,1,45,32,7,12,0,12,0,14,65,43,28,14,819,1058,7,27,145,19,125,1,1,2,0,0,11,1,0,0,0,10,1,1637,15,0,0,0,0,0,0,0,0,7,0,0,0,47,3,1,95,95,51,1,1,0,0,0,32
Tom Dele Bashiru,Central Midfield,Midfielder,0.135,,,,,,,,,,,,,,,,,,,,,,,,,,,,,,,,,,,,,,,,,,,,,,,,,,,,,,,,,,,,,,,,,,,,,,,,
Trent Alexander Arnold,Right Back,Defender,72,66,5196,58,8,12,9,0,0,3,16,2,10,6,59,21,83,438,105,114,23,63,35,12,116,78,35,12,2689,3511,56,18,387,42,188,0,1,21,11,1,38,10,2,1,0,34,0,5397,94,0,0,0,0,25,6,133,110,72,14,5,1,43,20,0,140,140,249,4,0,8,4,0,86
Ui jo Hwang,Centre Forward,Striker,1.8,10,747,9,1,5,1,0,0,2,1,0,1,0,15,6,2,2,0,4,2,3,0,0,3,2,7,17,178,206,0,5,30,5,29,0,0,6,2,0,9,4,2,0,0,11,0,316,22,0,0,0,0,0,0,0,0,2,0,0,0,13,0,0,1,1,3,1,0,4,1,0,13
Unai Garcia,Centre Back,Defender,1.8,22,1870,20,2,0,4,0,0,0,0,0,0,0,9,0,65,10,0,1,0,1,0,7,51,34,22,15,435,633,0,46,103,6,115,1,0,9,0,0,0,0,0,0,0,8,2,1060,17,0,0,0,0,0,0,0,0,1,0,0,0,48,1,0,99,92,73,0,0,1,0,0,8
Victor Campuzano,Centre Forward,Striker,0.27,7,317,3,4,2,1,0,0,0,0,0,0,0,7,5,1,5,0,0,0,0,0,0,4,3,10,5,30,44,0,4,8,3,15,0,0,5,3,0,2,2,0,1,0,5,0,95,13,0,0,0,0,0,0,0,0,1,0,0,0,7,0,0,1,1,1,0,0,4,1,0,4
William Troost Ekong,Centre Back,Defender,3.6,43,3787,43,0,3,5,0,0,0,0,0,0,0,9,0,49,1,1,5,1,5,0,51,41,20,30,10,1171,1428,1,108,154,4,160,1,3,7,0,0,2,0,0,0,0,6,0,1922,25,0,0,0,0,0,0,0,0,4,0,0,0,62,12,1,226,226,137,0,1,1,0,0,4
Woo yeong Jeong,Right Winger,Midfielder,1.8,1,4,0,1,0,0,0,0,0,0,0,0,0,1,1,0,0,0,0,0,0,0,0,0,0,0,0,1,2,0,0,1,0,0,0,0,1,1,0,0,0,0,0,0,0,0,3,1,0,0,0,0,0,0,0,0,0,0,0,0,0,0,0,0,0,0,0,0,0,0,0,0
Xabi Etxeita,Centre Back,Defender,1.8,48,3902,43,5,5,16,0,0,5,0,0,0,0,31,10,63,8,2,3,1,3,0,35,68,38,52,19,1076,1385,2,105,171,1,187,1,3,30,10,5,1,0,0,0,0,1,1,1918,55,0,0,0,0,0,0,0,0,3,0,0,0,68,9,2,224,218,126,0,1,1,4,3,3
Xavi Quintilla,Left Back,Defender,1.8,15,1348,15,0,1,5,0,0,0,1,0,1,0,3,0,12,46,5,13,2,11,1,4,22,12,20,7,548,660,5,7,52,2,38,0,0,3,0,0,0,0,0,0,0,1,0,986,9,0,0,0,0,1,0,0,0,7,0,0,0,23,4,0,28,28,20,0,0,0,0,0,3
Yan Brice,Central Midfield,Midfielder,0.9,4,252,3,1,3,0,0,0,0,0,0,0,0,2,0,2,0,0,2,0,2,0,1,2,1,13,4,64,74,0,4,18,4,13,0,0,1,0,0,1,0,0,0,0,3,0,105,1,0,0,0,0,0,0,0,0,0,0,0,0,6,0,0,2,2,4,0,0,0,0,0,7
Yann MVila,Defensive Midfield,Midfielder,9,65,5732,65,0,4,7,0,1,0,2,0,2,0,22,4,122,12,3,33,2,31,0,15,116,65,35,63,3601,4154,2,92,407,18,278,1,5,5,1,0,17,3,0,0,0,33,0,4936,9,0,0,0,0,1,1,0,0,9,0,0,0,65,22,0,151,151,420,7,0,0,0,0,22
Youssef En Nesyri,Centre Forward,Striker,10.8,79,4730,46,33,13,11,1,1,14,3,0,2,1,157,50,19,67,11,34,4,31,0,4,56,41,90,85,561,963,11,269,146,55,455,0,0,128,43,12,29,7,2,0,0,103,1,2010,249,1,0,0,1,0,0,1,0,44,0,0,0,75,3,0,68,67,27,0,0,46,17,6,142
Zouhair Feddal,Centre Back,Defender,4.5,67,5551,64,3,7,25,2,2,6,2,0,0,2,34,12,133,11,5,16,4,14,0,42,89,57,82,37,2672,3256,5,151,327,27,301,2,2,32,12,6,2,0,0,0,0,10,1,4189,61,0,0,0,0,0,0,0,0,3,1,0,0,86,16,2,361,359,320,1,2,2,1,4,33
