Player,DOB,Age,Height,Country,Foot,ContractExp
bernardo-silva,"Aug 10, 1994",25,"1,73 m",Portugal,left,30.06.2025
gaetan-bong,"Apr 25, 1988",31,"1,83 m",Cameroon  France,left,30.06.2020
arnaut-danjuma,"Jan 31, 1997",22,"1,78 m",Netherlands  Nigeria,right,30.06.2024
junior-stanislas,"Nov 26, 1989",29,"1,83 m",England  St. Lucia,right,30.06.2021
mohamed-salah,"Jun 15, 1992",27,"1,75 m",Egypt,left,30.06.2023
tammy-abraham,"Oct 2, 1997",22,"1,91 m",England  Nigeria,right,30.06.2022
bukayo-saka,"Sep 5, 2001",18,"1,78 m",England  Ghana,left,-
rodri,"Jun 22, 1996",23,"1,91 m",Spain,right,30.06.2024
willy-caballero,"Sep 28, 1981",38,"1,86 m",Argentina  Spain,right,30.06.2020
luke-shaw,"Jul 12, 1995",24,"1,81 m",England,left,30.06.2023
ederson,"Aug 17, 1993",26,"1,88 m",Brazil  Portugal,left,30.06.2025
willian,"Aug 9, 1988",31,"1,75 m",Brazil,right,30.06.2020
albian-ajeti,"Feb 26, 1997",22,"1,83 m",Switzerland  Albania,right,30.06.2023
andre-gomes,"Jul 30, 1993",26,"1,88 m",Portugal,right,30.06.2024
adrian-mariappa,"Oct 3, 1986",33,"1,79 m",Jamaica  England,right,30.06.2020
trent-alexander-arnold,"Oct 7, 1998",21,"1,80 m",England,right,30.06.2024
dion-henry,"Sep 12, 1997",22,"1,92 m",England,NaN,30.06.2019
sam-mcqueen,"Feb 6, 1995",24,"1,81 m",England,left,30.06.2021
aaron-wan-bissaka,"Nov 26, 1997",21,"1,83 m",England  DR Congo,right,30.06.2024
matthew-lowton,"Jun 9, 1989",30,"1,80 m",England,right,30.06.2021
javier-manquillo,"May 5, 1994",25,"1,78 m",Spain,right,30.06.2020
danny-drinkwater,"Mar 5, 1990",29,"1,77 m",England,right,06.01.2020
solly-march,"Jul 20, 1994",25,"1,80 m",England,left,30.06.2022
virgil-van-dijk,"Jul 8, 1991",28,"1,93 m",Netherlands  Suriname,right,30.06.2023
erik-pieters,"Aug 7, 1988",31,"1,83 m",Netherlands,left,30.06.2021
shane-long,"Jan 22, 1987",32,"1,80 m",Ireland,both,30.06.2020
nicolas-otamendi,"Feb 12, 1988",31,"1,83 m",Argentina,right,30.06.2022
stuart-armstrong,"Mar 30, 1992",27,"1,83 m",Scotland,right,30.06.2022
emiliano-martinez,"Sep 2, 1992",27,"1,90 m",Argentina,right,30.06.2022
ryan-sessegnon,"May 18, 2000",19,"1,78 m",England,left,30.06.2025
yan-valery,"Feb 22, 1999",20,"1,80 m",France  Tunisia,right,30.06.2023
nampalys-mendy,"Jun 23, 1992",27,"1,67 m",France  Senegal,right,30.06.2020
paul-dummett,"Sep 26, 1991",28,"1,83 m",Wales  England,left,30.06.2022
aaron-connolly,"Jan 28, 2000",19,"1,75 m",Ireland,NaN,30.06.2022
connor-wickham,"Mar 31, 1993",26,"1,89 m",England  Northern Ireland,right,30.06.2021
pascal-gross,"Jun 15, 1991",28,"1,81 m",Germany,right,30.06.2022
christian-pulisic,"Sep 18, 1998",21,"1,72 m",United States  Croatia,right,30.06.2024
roberto,"Feb 10, 1986",33,"1,92 m",Spain,right,30.06.2021
jeff-hendrick,"Jan 31, 1992",27,"1,85 m",Ireland,right,30.06.2020
tom-trybull,"Mar 9, 1993",26,"1,81 m",Germany,right,30.06.2022
harry-kane,"Jul 28, 1993",26,"1,88 m",England,right,30.06.2024
paul-pogba,"Mar 15, 1993",26,"1,91 m",France,both,30.06.2021
nathaniel-clyne,"Apr 5, 1991",28,"1,75 m",England  Grenada,right,30.06.2020
dennis-srbeny,"May 5, 1994",25,"1,90 m",Germany,right,30.06.2021
maya-yoshida,"Aug 24, 1988",31,"1,89 m",Japan,right,30.06.2020
artur-boruc,"Feb 20, 1980",39,"1,93 m",Poland,right,30.06.2020
conor-hourihane,"Feb 2, 1991",28,"1,81 m",Ireland,left,-
christian-fuchs,"Apr 7, 1986",33,"1,87 m",Austria,left,30.06.2020
winston-reid,"Jul 3, 1988",31,"1,91 m",New Zealand  Denmark,right,30.06.2023
angelo-ogbonna,"May 23, 1988",31,"1,91 m",Italy  Nigeria,left,30.06.2022
emil-krafth,"Aug 2, 1994",25,"1,84 m",Sweden,right,30.06.2023
rui-patricio,"Feb 15, 1988",31,"1,90 m",Portugal,left,30.06.2022
christian-kabasele,"Feb 24, 1991",28,"1,87 m",Belgium  DR Congo,right,30.06.2021
kiko-femenia,"Feb 2, 1991",28,"1,71 m",Spain,right,30.06.2021
michy-batshuayi,"Oct 2, 1993",26,"1,84 m",Belgium  DR Congo,right,30.06.2021
kevin-de-bruyne,"Jun 28, 1991",28,"1,81 m",Belgium,right,30.06.2023
bruno-jordao,"Oct 12, 1998",21,"1,80 m",Portugal,right,30.06.2024
pontus-dahlberg,"Jan 21, 1999",20,"1,95 m",Sweden,right,30.06.2023
deandre-yedlin,"Jul 9, 1993",26,"1,73 m",United States  Latvia,right,30.06.2021
ruben-neves,"Mar 13, 1997",22,"1,80 m",Portugal,right,30.06.2023
steve-cook,"Apr 19, 1991",28,"1,85 m",England,right,30.06.2021
kieran-tierney,"Jun 5, 1997",22,"1,78 m",Scotland  Isle of Man,left,30.06.2024
lucas-torreira,"Feb 11, 1996",23,"1,66 m",Uruguay  Spain,right,30.06.2023
alexandre-lacazette,"May 28, 1991",28,"1,76 m",France  Guadeloupe,right,30.06.2022
muhamed-besic,"Sep 10, 1992",27,"1,80 m",Bosnia-Herzegovina  Germany,right,31.05.2020
neil-taylor,"Feb 7, 1989",30,"1,76 m",Wales,left,30.06.2021
mason-greenwood,"Oct 1, 2001",18,"1,81 m",England,left,30.06.2023
federico-fernandez,"Feb 21, 1989",30,"1,90 m",Argentina  Italy,right,30.06.2020
shkodran-mustafi,"Apr 17, 1992",27,"1,84 m",Germany  Albania,right,30.06.2021
joe-gomez,"May 23, 1997",22,"1,88 m",England  The Gambia,right,30.06.2024
carlos-sanchez,"Feb 6, 1986",33,"1,82 m",Colombia,left,30.06.2020
toby-alderweireld,"Mar 2, 1989",30,"1,86 m",Belgium,right,30.06.2020
marc-albrighton,"Nov 18, 1989",29,"1,75 m",England,right,30.06.2022
karl-darlow,"Oct 8, 1990",29,"1,90 m",England  Wales,right,30.06.2020
antonio-rudiger,"Mar 3, 1993",26,"1,90 m",Germany  Sierra Leone,right,30.06.2022
oleksandr-zinchenko,"Dec 15, 1996",22,"1,75 m",Ukraine,left,30.06.2024
tim-krul,"Apr 3, 1988",31,"1,93 m",Netherlands,left,30.06.2022
christian-eriksen,"Feb 14, 1992",27,"1,82 m",Denmark,both,30.06.2020
jannik-vestergaard,"Aug 3, 1992",27,"1,99 m",Denmark  Germany,both,30.06.2022
matteo-guendouzi,"Apr 14, 1999",20,"1,84 m",France  Morocco,right,30.06.2022
jean-philippe-gbamin,"Sep 25, 1995",24,"1,86 m",Cote d'Ivoire  France,right,30.06.2024
douglas-luiz,"May 9, 1998",21,"1,78 m",Brazil,right,30.06.2023
martin-dubravka,"Jan 15, 1989",30,"1,91 m",Slovakia,right,30.06.2025
jota,"Jun 16, 1991",28,"1,80 m",Spain,left,30.06.2021
leon-balogun,"Jun 28, 1988",31,"1,90 m",Nigeria  Germany,right,30.06.2020
jamaal-lascelles,"Nov 11, 1993",26,"1,88 m",England,right,30.06.2024
harry-burgoyne,"Dec 28, 1996",22,"1,93 m",England,right,30.06.2020
mason-mount,"Jan 10, 1999",20,"1,78 m",England,right,30.06.2024
john-lundstram,"Feb 18, 1994",25,"1,81 m",England,left,30.06.2020
maarten-stekelenburg,"Sep 22, 1982",37,"1,97 m",Netherlands,right,30.06.2020
chris-wood,"Dec 7, 1991",27,"1,91 m",New Zealand,right,30.06.2023
kasper-schmeichel,"Nov 5, 1986",33,"1,89 m",Denmark,right,30.06.2023
oumar-niasse,"Apr 18, 1990",29,"1,82 m",Senegal,right,30.06.2020
felipe-anderson,"Apr 15, 1993",26,"1,75 m",Brazil,right,30.06.2022
cuco-martina,"Sep 25, 1989",30,"1,85 m",Curacao  Netherlands,right,30.06.2020
angus-gunn,"Jan 22, 1996",23,"1,96 m",England  Scotland,right,30.06.2023
fabian-schar,"Dec 20, 1991",27,"1,86 m",Switzerland,right,30.06.2021
angelino,"Jan 4, 1997",22,"1,75 m",Spain,left,30.06.2023
hector-bellerin,"Mar 19, 1995",24,"1,78 m",Spain,right,30.06.2023
kepa,"Oct 3, 1994",25,"1,86 m",Spain,right,30.06.2025
jonny-evans,"Jan 3, 1988",31,"1,88 m",Northern Ireland,both,30.06.2021
james-milner,"Jan 4, 1986",33,"1,75 m",England,right,30.06.2020
mesut-ozil,"Oct 15, 1988",31,"1,80 m",Germany,left,30.06.2021
sergio-romero,"Feb 22, 1987",32,"1,92 m",Argentina  Italy,right,30.06.2021
marcos-rojo,"Mar 20, 1990",29,"1,86 m",Argentina,left,30.06.2021
goncalo-cardoso,"Oct 21, 2000",19,"1,89 m",Portugal,left,30.06.2024
oliver-skipp,"Sep 16, 2000",19,"1,75 m",England,right,30.06.2021
fabian-balbuena,"Aug 23, 1991",28,"1,88 m",Paraguay,right,30.06.2021
pierre-emile-hojbjerg,"Aug 5, 1995",24,"1,85 m",Denmark  France,right,30.06.2021
matt-targett,"Sep 18, 1995",24,"1,83 m",England  Scotland,left,-
james-maddison,"Nov 23, 1996",22,"1,75 m",England,right,30.06.2023
matt-macey,"Sep 9, 1994",25,"1,99 m",England,right,30.06.2020
che-adams,"Jul 13, 1996",23,"1,79 m",England  Antigua and Barbuda,right,30.06.2024
djibril-sidibe,"Jul 29, 1992",27,"1,82 m",France  Mali,right,30.06.2020
christian-benteke,"Dec 3, 1990",28,"1,90 m",Belgium  DR Congo,right,30.06.2021
jed-steer,"Sep 23, 1992",27,"1,82 m",England  Scotland,left,30.06.2023
dimitri-foulquier,"Mar 23, 1993",26,"1,83 m",Guadeloupe  France,right,30.06.2021
lloyd-kelly,"Oct 6, 1998",21,"1,90 m",England,left,-
miguel-almiron,"Feb 10, 1994",25,"1,74 m",Paraguay,left,30.06.2024
chris-basham,"Jul 20, 1988",31,"1,90 m",England,right,30.06.2021
christian-atsu,"Jan 10, 1992",27,"1,65 m",Ghana,left,30.06.2021
roberto-firmino,"Oct 2, 1991",28,"1,81 m",Brazil,right,30.06.2023
ibrahim-amadou,"Apr 6, 1993",26,"1,83 m",France  Cameroon,right,30.06.2020
keinan-davis,"Feb 13, 1998",21,"1,78 m",England,right,30.06.2020
daniel-bachmann,"Jul 9, 1994",25,"1,91 m",Austria,right,30.06.2020
jack-wilshere,"Jan 1, 1992",27,"1,72 m",England,left,30.06.2021
cedric-soares,"Aug 31, 1991",28,"1,71 m",Portugal  Germany,right,30.06.2020
heung-min-son,"Jul 8, 1992",27,"1,84 m","Korea, South",both,30.06.2023
beni-baningime,"Sep 9, 1998",21,NaN,DR Congo  England,NaN,30.06.2022
lucas-digne,"Jul 20, 1993",26,"1,78 m",France,left,30.06.2023
konstantinos-mavropanos,"Dec 11, 1997",21,"1,94 m",Greece,right,30.06.2023
joshua-king,"Jan 15, 1992",27,"1,81 m",Norway,right,30.06.2021
dele-alli,"Apr 11, 1996",23,"1,88 m",England  Nigeria,right,30.06.2024
dan-burn,"May 9, 1992",27,"2,01 m",England,left,30.06.2022
dwight-mcneil,"Nov 22, 1999",19,"1,83 m",England,left,30.06.2023
fernandinho,"May 4, 1985",34,"1,79 m",Brazil,right,30.06.2020
bernardo,"May 14, 1995",24,"1,86 m",Brazil,left,30.06.2022
max-kilman,"May 23, 1997",22,"1,92 m",England,left,30.06.2020
james-justin,"Feb 23, 1998",21,"1,83 m",England,right,30.06.2024
gabriel-martinelli,"Jun 18, 2001",18,"1,80 m",Brazil  Italy,right,30.06.2024
aaron-ramsdale,"May 14, 1998",21,"1,88 m",England,right,-
andreas-christensen,"Apr 10, 1996",23,"1,88 m",Denmark,right,30.06.2022
issa-diop,"Jan 9, 1997",22,"1,94 m",France  Senegal,right,30.06.2023
ruben-loftus-cheek,"Jan 23, 1996",23,"1,91 m",England,right,30.06.2024
moussa-djenepo,"Jun 15, 1998",21,"1,77 m",Mali,right,30.06.2023
bartosz-kapustka,"Dec 23, 1996",22,"1,79 m",Poland,right,30.06.2021
alisson,"Oct 2, 1992",27,"1,91 m",Brazil,right,30.06.2024
leon-clarke,"Feb 10, 1985",34,"1,88 m",England,right,30.06.2020
jack-grealish,"Sep 10, 1995",24,"1,75 m",England  Ireland,right,30.06.2023
kenny-mclean,"Jan 8, 1992",27,"1,80 m",Scotland,left,30.06.2021
marco-van-ginkel,"Dec 1, 1992",26,"1,86 m",Netherlands,right,30.06.2020
stephen-henderson,"May 2, 1988",31,"1,88 m",Ireland,right,30.06.2020
reece-james,"Dec 8, 1999",19,"1,82 m",England,right,30.06.2022
lukasz-fabianski,"Apr 18, 1985",34,"1,90 m",Poland,right,30.06.2021
ryan-bennett,"Mar 6, 1990",29,"1,88 m",England,right,30.06.2021
oliver-norwood,"Apr 12, 1991",28,"1,75 m",Northern Ireland  England,right,30.06.2021
jordan-ayew,"Sep 11, 1991",28,"1,82 m",Ghana  France,right,30.06.2022
simon-moore,"May 19, 1990",29,"1,91 m",England,right,30.06.2021
harry-winks,"Feb 2, 1996",23,"1,78 m",England,right,30.06.2024
david-martin,"Jan 22, 1986",33,"1,88 m",England,right,30.06.2021
lewis-dunk,"Nov 21, 1991",27,"1,92 m",England,right,30.06.2023
ezequiel-schelotto,"May 23, 1989",30,"1,87 m",Italy  Argentina,right,30.06.2020
sung-yong-ki,"Jan 24, 1989",30,"1,89 m","Korea, South",right,30.06.2020
jack-stacey,"Apr 6, 1996",23,"1,80 m",England,right,30.06.2023
ben-gibson,"Jan 15, 1993",26,"1,85 m",England,left,30.06.2022
pablo-fornals,"Feb 22, 1996",23,"1,78 m",Spain,right,30.06.2024
adam-webster,"Jan 4, 1995",24,"1,90 m",England,right,30.06.2023
jamie-vardy,"Jan 11, 1987",32,"1,79 m",England,right,30.06.2022
ben-foster,"Apr 3, 1983",36,"1,93 m",England,right,30.06.2020
eric-dier,"Jan 15, 1994",25,"1,88 m",England  Portugal,right,30.06.2021
michael-keane,"Jan 11, 1993",26,"1,88 m",England  Ireland,right,30.06.2022
fred,"Mar 5, 1993",26,"1,69 m",Brazil,left,30.06.2023
ming-yang-yang,"Jul 11, 1995",24,"1,72 m",Switzerland  China,right,-
caglar-soyuncu,"May 23, 1996",23,"1,87 m",Turkey,right,30.06.2023
heurelho-gomes,"Feb 15, 1981",38,"1,91 m",Brazil,right,30.06.2020
bjorn-engels,"Sep 15, 1994",25,"1,94 m",Belgium,right,30.06.2024
richarlison,"May 10, 1997",22,"1,79 m",Brazil,right,30.06.2023
adama-traore,"Jan 25, 1996",23,"1,78 m",Spain  Mali,right,30.06.2023
bernd-leno,"Mar 4, 1992",27,"1,89 m",Germany,right,30.06.2023
andros-townsend,"Jul 16, 1991",28,"1,81 m",England,left,30.06.2021
todd-cantwell,"Feb 27, 1998",21,"1,77 m",England,right,30.06.2022
aaron-mooy,"Sep 15, 1990",29,"1,79 m",Australia  Netherlands,right,31.05.2020
pedro,"Jul 28, 1987",32,"1,67 m",Spain,both,30.06.2020
james-ward-prowse,"Nov 1, 1994",25,"1,77 m",England,right,30.06.2022
yves-bissouma,"Aug 30, 1996",23,"1,82 m",Mali  Cote d'Ivoire,right,30.06.2023
davy-propper,"Sep 2, 1991",28,"1,85 m",Netherlands,right,30.06.2021
patrick-roberts,"Feb 5, 1997",22,"1,67 m",England,left,30.06.2022
paulo-gazzaniga,"Jan 2, 1992",27,"1,95 m",Argentina  Italy,right,30.06.2022
joel-ward,"Oct 29, 1989",30,"1,86 m",England,right,30.06.2021
ralf-fahrmann,"Sep 27, 1988",31,"1,97 m",Germany,right,30.06.2020
sam-byram,"Sep 16, 1993",26,"1,83 m",England,right,30.06.2023
cheikhou-kouyate,"Dec 21, 1989",29,"1,89 m",Senegal  Belgium,right,30.06.2022
shane-duffy,"Jan 1, 1992",27,"1,93 m",Ireland  Northern Ireland,right,30.06.2023
yerry-mina,"Sep 23, 1994",25,"1,95 m",Colombia,right,30.06.2023
joelinton,"Aug 14, 1996",23,"1,86 m",Brazil,right,30.06.2025
joe-hart,"Apr 19, 1987",32,"1,96 m",England,right,30.06.2020
martin-montoya,"Apr 14, 1991",28,"1,75 m",Spain,right,30.06.2022
xherdan-shaqiri,"Oct 10, 1991",28,"1,69 m",Switzerland  Kosovo,left,30.06.2023
oriol-romeu,"Sep 24, 1991",28,"1,83 m",Spain,right,30.06.2021
eric-bailly,"Apr 12, 1994",25,"1,87 m",Cote d'Ivoire,right,30.06.2020
dejan-lovren,"Jul 5, 1989",30,"1,88 m",Croatia,right,30.06.2021
kelechi-iheanacho,"Oct 3, 1996",23,"1,85 m",Nigeria,left,30.06.2022
pierre-emerick-aubameyang,"Jun 18, 1989",30,"1,87 m",Gabon  France,right,30.06.2021
callum-wilson,"Feb 27, 1992",27,"1,80 m",England  Ireland,right,30.06.2023
fabian-delph,"Nov 21, 1989",29,"1,74 m",England  Guyana,left,30.06.2022
andrew-crofts,"May 29, 1984",35,"1,75 m",Wales  England,right,30.06.2021
joao-moutinho,"Sep 8, 1986",33,"1,70 m",Portugal,right,30.06.2020
jonjo-shelvey,"Feb 27, 1992",27,"1,84 m",England,right,30.06.2021
john-ruddy,"Oct 24, 1986",33,"1,92 m",England,left,30.06.2020
luka-milivojevic,"Apr 7, 1991",28,"1,86 m",Serbia,right,30.06.2023
adam-masina,"Jan 2, 1994",25,"1,91 m",Italy  Morocco,left,30.06.2023
theo-walcott,"Mar 16, 1989",30,"1,75 m",England,both,30.06.2021
kevin-long,"Aug 18, 1990",29,"1,88 m",Ireland,right,30.06.2021
patrick-cutrone,"Jan 3, 1998",21,"1,83 m",Italy,right,30.06.2023
domingos-quina,"Nov 18, 1999",19,"1,73 m",Portugal  Guinea-Bissau,right,30.06.2022
caoimhin-kelleher,"Nov 23, 1998",20,"1,88 m",Ireland,NaN,-
leighton-baines,"Dec 11, 1984",34,"1,70 m",England,left,30.06.2020
jairo-riedewald,"Sep 9, 1996",23,"1,82 m",Netherlands  Suriname,left,30.06.2022
nick-pope,"Apr 19, 1992",27,"1,97 m",England,right,30.06.2023
gabriel-jesus,"Apr 3, 1997",22,"1,75 m",Brazil,right,30.06.2023
ashley-westwood,"Apr 1, 1990",29,"1,74 m",England,right,30.06.2020
isaac-hayden,"Mar 22, 1995",24,"1,86 m",England  Jamaica,right,30.06.2021
david-button,"Feb 27, 1989",30,"1,91 m",England,right,30.06.2021
jeffrey-schlupp,"Dec 23, 1992",26,"1,78 m",Ghana  Germany,left,30.06.2021
billy-sharp,"Feb 5, 1986",33,"1,75 m",England,right,30.06.2021
leander-dendoncker,"Apr 15, 1995",24,"1,88 m",Belgium,right,-
jesse-lingard,"Dec 15, 1992",26,"1,74 m",England,right,30.06.2021
sofiane-boufal,"Sep 17, 1993",26,"1,75 m",Morocco  France,right,30.06.2021
johann-berg-gudmundsson,"Oct 27, 1990",29,"1,86 m",Iceland,left,30.06.2021
david-luiz,"Apr 22, 1987",32,"1,89 m",Brazil  Portugal,right,30.06.2021
wilfred-ndidi,"Dec 16, 1996",22,"1,83 m",Nigeria,right,30.06.2024
joe-willock,"Aug 20, 1999",20,"1,79 m",England  Montserrat,right,-
martin-kelly,"Apr 27, 1990",29,"1,91 m",England,right,30.06.2021
fikayo-tomori,"Dec 19, 1997",21,"1,84 m",England  Canada,right,30.06.2021
alex-oxlade-chamberlain,"Aug 15, 1993",26,"1,75 m",England,right,30.06.2023
andy-carroll,"Jan 6, 1989",30,"1,93 m",England,left,30.06.2020
kurt-zouma,"Oct 27, 1994",25,"1,90 m",France  Central African Republic,right,30.06.2023
aaron-cresswell,"Dec 15, 1989",29,"1,70 m",England,left,30.06.2023
michael-mcgovern,"Jul 12, 1984",35,"1,90 m",Northern Ireland,right,30.06.2021
james-chester,"Jan 23, 1989",30,"1,77 m",Wales  England,right,30.06.2020
chris-mepham,"Nov 5, 1997",22,"1,91 m",Wales  England,NaN,30.06.2023
ainsley-maitland-niles,"Aug 29, 1997",22,"1,80 m",England,right,30.06.2023
timm-klose,"May 9, 1988",31,"1,95 m",Switzerland  Germany,right,30.06.2022
fabinho,"Oct 23, 1993",26,"1,88 m",Brazil,right,30.06.2023
orjan-nyland,"Sep 10, 1990",29,"1,92 m",Norway,right,30.06.2021
steven-alzate,"Sep 8, 1998",21,"1,80 m",Colombia  England,right,30.06.2023
robert-snodgrass,"Sep 7, 1987",32,"1,82 m",Scotland,left,30.06.2021
ross-barkley,"Dec 5, 1993",25,"1,85 m",England,right,30.06.2023
ben-mee,"Sep 21, 1989",30,"1,80 m",England,left,30.06.2021
michael-hector,"Jul 19, 1992",27,"1,93 m",Jamaica  England,right,30.06.2020
dennis-praet,"May 14, 1994",25,"1,81 m",Belgium,right,30.06.2024
wilfried-zaha,"Nov 10, 1992",27,"1,80 m",Cote d'Ivoire  England,right,30.06.2023
scott-carson,"Sep 3, 1985",34,"1,88 m",England,right,31.05.2020
naby-keita,"Feb 10, 1995",24,"1,72 m",Guinea,right,30.06.2023
mark-noble,"May 8, 1987",32,"1,80 m",England  Ireland,right,30.06.2021
neal-maupay,"Aug 14, 1996",23,"1,73 m",France  Argentina,right,30.06.2023
gylfi-sigurdsson,"Sep 8, 1989",30,"1,86 m",Iceland,right,30.06.2022
ayoze-perez,"Jul 29, 1993",26,"1,78 m",Spain,right,30.06.2023
sepp-van-den-berg,"Dec 20, 2001",17,"1,89 m",Netherlands,right,-
eldin-jakupovic,"Oct 2, 1984",35,"1,91 m",Switzerland  Bosnia-Herzegovina,right,30.06.2020
tom-heaton,"Apr 15, 1986",33,"1,88 m",England,right,-
sadio-mane,"Apr 10, 1992",27,"1,74 m",Senegal,right,30.06.2023
benjamin-mendy,"Jul 17, 1994",25,"1,85 m",France  Senegal,left,30.06.2023
robbie-brady,"Jan 14, 1992",27,"1,76 m",Ireland,left,30.06.2020
craig-cathcart,"Feb 6, 1989",30,"1,89 m",Northern Ireland,right,30.06.2023
sergio-aguero,"Jun 2, 1988",31,"1,73 m",Argentina  Spain,right,30.06.2021
tom-davies,"Jun 30, 1998",21,"1,80 m",England,right,30.06.2023
philip-heise,"Jun 20, 1991",28,"1,84 m",Germany,left,30.06.2022
gerard-deulofeu,"Mar 13, 1994",25,"1,77 m",Spain,right,30.06.2023
leroy-sane,"Jan 11, 1996",23,"1,84 m",Germany  France,left,30.06.2021
morgan-schneiderlin,"Nov 8, 1989",30,"1,86 m",France,right,30.06.2021
wayne-hennessey,"Jan 24, 1987",32,"1,97 m",Wales,right,30.06.2021
isaac-success,"Jan 7, 1996",23,"1,82 m",Nigeria,right,30.06.2023
matt-doherty,"Jan 16, 1992",27,"1,86 m",Ireland,right,30.06.2023
max-aarons,"Jan 4, 2000",19,"1,78 m",England,right,30.06.2024
lys-mousset,"Feb 8, 1996",23,"1,84 m",France  Senegal,right,30.06.2022
joao-cancelo,"May 27, 1994",25,"1,82 m",Portugal,right,30.06.2025
abdoulaye-doucoure,"Jan 1, 1993",26,"1,83 m",France  Mali,right,30.06.2023
phil-ofosu-ayeh,"Sep 15, 1991",28,"1,81 m",Ghana  Germany,right,30.06.2020
allan-saint-maximin,"Mar 12, 1997",22,"1,73 m",France  Guadeloupe,right,30.06.2025
ryan-fredericks,"Oct 10, 1992",27,"1,81 m",England  Guyana,right,30.06.2022
danny-ings,"Jul 23, 1992",27,"1,78 m",England,right,30.06.2022
juan-mata,"Apr 28, 1988",31,"1,70 m",Spain,left,30.06.2021
tom-dele-bashiru,"Sep 17, 1999",20,"1,79 m",Nigeria  England,right,30.06.2025
jose-izquierdo,"Jul 7, 1992",27,"1,71 m",Colombia,right,30.06.2021
ilkay-gundogan,"Oct 24, 1990",29,"1,80 m",Germany,right,30.06.2023
charlie-taylor,"Sep 18, 1993",26,"1,76 m",England,left,30.06.2021
kortney-hause,"Jul 16, 1995",24,"1,91 m",England,left,-
troy-deeney,"Jun 29, 1988",31,"1,84 m",England  Jamaica,right,30.06.2021
sead-kolasinac,"Jun 20, 1993",26,"1,83 m",Bosnia-Herzegovina  Germany,left,30.06.2022
ricky-holmes,"Jun 20, 1987",32,"1,88 m",England,NaN,30.06.2020
marco-stiepermann,"Feb 9, 1991",28,"1,90 m",Germany,left,30.06.2022
morgan-gibbs-white,"Jan 27, 2000",19,"1,71 m",England,right,30.06.2022
michael-verrips,"Dec 3, 1996",22,"1,96 m",Netherlands,right,30.06.2023
juan-foyth,"Jan 12, 1998",21,"1,87 m",Argentina  Spain,right,30.06.2022
moritz-leitner,"Dec 8, 1992",26,"1,74 m",Germany  Austria,right,30.06.2022
willy-boly,"Feb 3, 1991",28,"1,95 m",France  Cote d'Ivoire,right,30.06.2021
arthur-masuaku,"Nov 7, 1993",26,"1,79 m",DR Congo  France,left,30.06.2024
kyle-walker-peters,"Apr 13, 1997",22,"1,73 m",England,right,30.06.2023
victor-wanyama,"Jun 25, 1991",28,"1,84 m",Kenya,right,30.06.2021
john-fleck,"Aug 24, 1991",28,"1,69 m",Scotland,left,30.06.2021
nicolas-pepe,"May 29, 1995",24,"1,83 m",Cote d'Ivoire  France,left,30.06.2024
riyad-mahrez,"Feb 21, 1991",28,"1,79 m",Algeria  France,left,30.06.2023
george-baldock,"Jan 26, 1993",26,"1,78 m",England,right,30.06.2022
pablo-zabaleta,"Jan 16, 1985",34,"1,76 m",Argentina  Spain,right,30.06.2020
jonathan-kodjia,"Oct 22, 1989",30,"1,89 m",Cote d'Ivoire  France,right,30.06.2020
ahmed-elmohamady,"Sep 9, 1987",32,"1,82 m",Egypt,right,30.06.2021
andrew-surman,"Aug 20, 1986",33,"1,78 m",England  South Africa,left,30.06.2020
mario-vrancic,"May 23, 1989",30,"1,87 m",Bosnia-Herzegovina  Germany,left,30.06.2021
aaron-lennon,"Apr 16, 1987",32,"1,65 m",England  Ireland,right,30.06.2020
james-tarkowski,"Nov 19, 1992",26,"1,85 m",England  Poland,right,30.06.2022
daniel-amartey,"Dec 21, 1994",24,"1,86 m",Ghana,right,30.06.2022
dwight-gayle,"Oct 17, 1990",29,"1,77 m",England  Jamaica,right,30.06.2021
dominic-solanke,"Sep 14, 1997",22,"1,86 m",England  Nigeria,right,30.06.2022
claudio-bravo,"Apr 13, 1983",36,"1,84 m",Chile  Spain,right,30.06.2020
john-egan,"Oct 20, 1992",27,"1,85 m",Ireland,right,30.06.2022
marcus-rashford,"Oct 31, 1997",22,"1,85 m",England,right,30.06.2023
alex-mccarthy,"Dec 3, 1989",29,"1,93 m",England,right,30.06.2022
michel-vorm,"Oct 20, 1983",36,"1,83 m",Netherlands  Suriname,right,30.06.2020
scott-mctominay,"Dec 8, 1996",22,"1,90 m",Scotland  England,right,30.06.2023
serge-aurier,"Dec 24, 1992",26,"1,76 m",Cote d'Ivoire,right,30.06.2022
george-thomas,"Mar 24, 1997",22,"1,73 m",Wales  England,right,30.06.2020
enda-stevens,"Jul 9, 1990",29,"1,83 m",Ireland,left,30.06.2022
wes-morgan,"Jan 21, 1984",35,"1,85 m",Jamaica  England,right,30.06.2020
david-de-gea,"Nov 7, 1990",29,"1,89 m",Spain,right,30.06.2023
yoshinori-muto,"Jul 15, 1992",27,"1,78 m",Japan,right,30.06.2022
ashley-barnes,"Oct 30, 1989",30,"1,86 m",England,right,30.06.2022
sean-longstaff,"Oct 30, 1997",22,"1,81 m",England,right,30.06.2022
richard-stearman,"Aug 19, 1987",32,"1,91 m",England  Ireland,right,30.06.2020
adam-legzdins,"Nov 28, 1986",32,"1,90 m",England  Latvia,NaN,30.06.2020
ryan-bertrand,"Aug 5, 1989",30,"1,79 m",England,left,30.06.2021
marvin-zeegelaar,"Aug 12, 1990",29,"1,86 m",Netherlands  Suriname,left,30.06.2021
sokratis,"Jun 9, 1988",31,"1,86 m",Greece,right,30.06.2021
jonny-otto,"Mar 3, 1994",25,"1,75 m",Spain,both,30.06.2023
georginio-wijnaldum,"Nov 11, 1990",29,"1,75 m",Netherlands  Suriname,right,30.06.2021
mathew-ryan,"Apr 8, 1992",27,"1,84 m",Australia  England,right,30.06.2022
joel-matip,"Aug 8, 1991",28,"1,95 m",Cameroon  Germany,right,-
tyrone-mings,"Mar 13, 1993",26,"1,95 m",England  Barbados,left,-
jamie-sterry,"Nov 21, 1995",23,"1,80 m",England  Italy,right,30.06.2020
conor-coady,"Feb 25, 1993",26,"1,85 m",England,right,30.06.2023
scott-dann,"Feb 14, 1987",32,"1,94 m",England,right,30.06.2020
will-hughes,"Apr 17, 1995",24,"1,85 m",England,left,30.06.2022
harry-wilson,"Mar 22, 1997",22,"1,73 m",Wales  England,left,31.05.2020
lovre-kalinic,"Apr 3, 1990",29,"2,01 m",Croatia,right,30.06.2023
callum-robinson,"Feb 2, 1995",24,"1,78 m",Ireland  England,right,30.06.2023
sebastien-haller,"Jun 22, 1994",25,"1,90 m",France  Cote d'Ivoire,right,30.06.2024
vicente-guaita,"Jan 10, 1987",32,"1,90 m",Spain,right,30.06.2021
james-mcarthur,"Oct 7, 1987",32,"1,78 m",Scotland,both,30.06.2021
john-mcginn,"Oct 18, 1994",25,"1,78 m",Scotland,left,30.06.2024
mason-holgate,"Oct 22, 1996",23,"1,87 m",England  Jamaica,right,30.06.2022
lucas-moura,"Aug 13, 1992",27,"1,72 m",Brazil,right,30.06.2024
timothy-fosu-mensah,"Jan 2, 1998",21,"1,90 m",Netherlands  Ghana,right,30.06.2020
daryl-janmaat,"Jul 22, 1989",30,"1,85 m",Netherlands,right,30.06.2020
max-meyer,"Sep 18, 1995",24,"1,73 m",Germany,right,30.06.2021
andreas-pereira,"Jan 1, 1996",23,"1,78 m",Brazil  Belgium,right,30.06.2023
patrick-van-aanholt,"Aug 29, 1990",29,"1,76 m",Netherlands  Curacao,left,30.06.2021
emerson,"Aug 3, 1994",25,"1,75 m",Italy  Brazil,left,30.06.2022
demarai-gray,"Jun 28, 1996",23,"1,80 m",England  Jamaica,right,30.06.2021
glenn-murray,"Sep 25, 1983",36,"1,86 m",England,right,30.06.2020
tudor-baluta,"Mar 27, 1999",20,"1,91 m",Romania,right,30.06.2022
ben-osborn,"Aug 5, 1994",25,"1,76 m",England,left,30.06.2022
emiliano-buendia,"Dec 25, 1996",22,"1,72 m",Argentina  Spain,right,30.06.2024
anwar-el-ghazi,"May 3, 1995",24,"1,89 m",Netherlands  Morocco,right,30.06.2023
raheem-sterling,"Dec 8, 1994",24,"1,70 m",England  Jamaica,right,30.06.2023
dean-henderson,"Mar 12, 1997",22,"1,88 m",England,NaN,31.05.2020
axel-tuanzebe,"Nov 14, 1997",22,"1,84 m",England  DR Congo,right,30.06.2022
jordan-pickford,"Mar 7, 1994",25,"1,85 m",England,left,30.06.2024
ciaran-clark,"Sep 26, 1989",30,"1,88 m",Ireland  England,left,30.06.2021
james-mccarthy,"Nov 12, 1990",29,"1,80 m",Ireland  Scotland,right,30.06.2022
teemu-pukki,"Mar 29, 1990",29,"1,80 m",Finland,right,30.06.2022
matt-ritchie,"Sep 10, 1989",30,"1,73 m",Scotland  England,left,30.06.2021
luke-freeman,"Mar 22, 1992",27,"1,76 m",England,left,30.06.2022
youri-tielemans,"May 7, 1997",22,"1,76 m",Belgium  DR Congo,right,30.06.2023
jesus-vallejo,"Jan 5, 1997",22,"1,84 m",Spain,right,30.06.2020
nathan-redmond,"Mar 6, 1994",25,"1,73 m",England  Ireland,right,30.06.2023
kean-bryan,"Nov 1, 1996",23,"1,85 m",England  Jamaica,left,30.06.2021
james-tomkins,"Mar 29, 1989",30,"1,92 m",England,right,30.06.2022
alex-iwobi,"May 3, 1996",23,"1,83 m",Nigeria  England,right,30.06.2024
ryan-fraser,"Feb 24, 1994",25,"1,63 m",Scotland,right,30.06.2020
tom-cleverley,"Aug 12, 1989",30,"1,75 m",England,right,30.06.2022
bailey-peacock-farrell,"Oct 29, 1996",23,"1,94 m",Northern Ireland  England,left,30.06.2023
daniel-james,"Nov 10, 1997",22,"1,70 m",Wales  England,right,30.06.2024
davinson-sanchez,"Jun 12, 1996",23,"1,87 m",Colombia,right,30.06.2024
jose-holebas,"Jun 27, 1984",35,"1,84 m",Greece  Germany,left,30.06.2020
andrii-yarmolenko,"Oct 23, 1989",30,"1,90 m",Ukraine,left,30.06.2022
ashley-young,"Jul 9, 1985",34,"1,76 m",England  Jamaica,both,30.06.2020
simon-francis,"Feb 16, 1985",34,"1,91 m",England,right,30.06.2020
marcos-alonso,"Dec 28, 1990",28,"1,88 m",Spain,left,30.06.2023
florian-lejeune,"May 20, 1991",28,"1,90 m",France,right,30.06.2022
mateo-kovacic,"May 6, 1994",25,"1,77 m",Croatia  Austria,right,30.06.2024
raul-jimenez,"May 5, 1991",28,"1,88 m",Mexico,right,30.06.2023
nathaniel-chalobah,"Dec 12, 1994",24,"1,85 m",England  Sierra Leone,right,30.06.2022
dani-ceballos,"Aug 7, 1996",23,"1,79 m",Spain,right,30.06.2020
romain-saiss,"Mar 26, 1990",29,"1,88 m",Morocco  France,right,30.06.2021
rob-elliot,"Apr 30, 1986",33,"1,90 m",Ireland  England,left,30.06.2020
andrew-robertson,"Mar 11, 1994",25,"1,78 m",Scotland,left,30.06.2024
david-brooks,"Jul 8, 1997",22,"1,73 m",Wales  England,left,30.06.2022
jack-simpson,"Jan 8, 1997",22,"1,90 m",England,left,30.06.2020
tanguy-ndombele,"Dec 28, 1996",22,"1,81 m",France  DR Congo,right,30.06.2025
alexander-tettey,"Apr 4, 1986",33,"1,81 m",Norway  Ghana,right,30.06.2020
jorginho,"Dec 20, 1991",27,"1,80 m",Italy  Brazil,right,30.06.2023
etienne-capoue,"Jul 11, 1988",31,"1,89 m",France  Guadeloupe,right,30.06.2022
seamus-coleman,"Oct 11, 1988",31,"1,77 m",Ireland,right,30.06.2022
frederic-guilbert,"Dec 24, 1994",24,"1,78 m",France,right,30.06.2023
grant-hanley,"Nov 20, 1991",27,"1,88 m",Scotland,right,30.06.2023
jack-oconnell,"Mar 29, 1994",25,"1,91 m",England,left,30.06.2023
jefferson-lerma,"Oct 25, 1994",25,"1,79 m",Colombia,right,30.06.2023
jay-rodriguez,"Jul 29, 1989",30,"1,85 m",England  Spain,right,30.06.2021
ismaila-sarr,"Feb 25, 1998",21,"1,85 m",Senegal,right,30.06.2024
andy-lonergan,"Oct 19, 1983",36,"1,93 m",England,left,-
matty-james,"Jul 22, 1991",28,"1,81 m",England,right,30.06.2022
jack-stephens,"Jan 27, 1994",25,"1,85 m",England,right,30.06.2022
victor-camarasa,"May 28, 1994",25,"1,83 m",Spain,right,30.06.2020
filip-benkovic,"Jul 13, 1997",22,"1,94 m",Croatia,right,30.06.2023
jan-bednarek,"Apr 12, 1996",23,"1,89 m",Poland,right,30.06.2022
adam-lallana,"May 10, 1988",31,"1,72 m",England,both,30.06.2020
alireza-jahanbakhsh,"Aug 11, 1993",26,"1,80 m",Iran,right,30.06.2023
jordan-graham,"Mar 5, 1995",24,"1,82 m",England,right,30.06.2020
divock-origi,"Apr 18, 1995",24,"1,85 m",Belgium  Kenya,right,30.06.2024
john-stones,"May 28, 1994",25,"1,88 m",England,right,30.06.2022
craig-dawson,"May 6, 1990",29,"1,88 m",England,right,30.06.2023
jetro-willems,"Mar 30, 1994",25,"1,69 m",Netherlands  Curacao,left,30.06.2020
phil-bardsley,"Jun 28, 1985",34,"1,80 m",Scotland  England,right,30.06.2020
moussa-sissoko,"Aug 16, 1989",30,"1,87 m",France  Mali,right,30.06.2023
jonas-lossl,"Feb 1, 1989",30,"1,95 m",Denmark,right,30.06.2022
trezeguet,"Oct 1, 1994",25,"1,79 m",Egypt,right,-
andre-gray,"Jun 26, 1991",28,"1,78 m",England  Jamaica,right,30.06.2022
david-silva,"Jan 8, 1986",33,"1,70 m",Spain,left,30.06.2020
leandro-trossard,"Dec 4, 1994",24,"1,72 m",Belgium,right,30.06.2023
danny-ward,"Jun 22, 1993",26,"1,91 m",Wales,right,30.06.2022
josip-drmic,"Aug 8, 1992",27,"1,84 m",Switzerland  Croatia,right,30.06.2022
olivier-giroud,"Sep 30, 1986",33,"1,93 m",France,left,30.06.2020
phil-foden,"May 28, 2000",19,"1,71 m",England,left,30.06.2024
danny-rose,"Jul 2, 1990",29,"1,73 m",England  Jamaica,left,30.06.2021
jason-steele,"Aug 18, 1990",29,"1,88 m",England,right,30.06.2021
phil-jagielka,"Aug 17, 1982",37,"1,80 m",England  Poland,right,30.06.2020
ravel-morrison,"Feb 2, 1993",26,"1,75 m",Jamaica  England,right,30.06.2020
diego-rico,"Feb 23, 1993",26,"1,83 m",Spain,left,30.06.2022
callum-hudson-odoi,"Nov 7, 2000",19,"1,77 m",England  Ghana,right,30.06.2024
michael-obafemi,"Jul 6, 2000",19,"1,70 m",Ireland  Nigeria,right,30.06.2022
philip-billing,"Jun 11, 1996",23,"1,98 m",Denmark  Nigeria,left,30.06.2024
jordon-ibe,"Dec 8, 1995",23,"1,76 m",England  Nigeria,right,30.06.2020
ben-godfrey,"Jan 15, 1998",21,"1,83 m",England,right,30.06.2023
jan-vertonghen,"Apr 24, 1987",32,"1,89 m",Belgium,left,30.06.2020
harry-maguire,"Mar 5, 1993",26,"1,94 m",England,right,30.06.2025
nathan-ake,"Feb 18, 1995",24,"1,80 m",Netherlands  Cote d'Ivoire,left,30.06.2022
granit-xhaka,"Sep 27, 1992",27,"1,86 m",Switzerland,left,30.06.2023
charlie-daniels,"Sep 7, 1986",33,"1,78 m",England,left,30.06.2020
ben-davies,"Apr 24, 1993",26,"1,81 m",Wales,left,30.06.2024
matej-vydra,"May 1, 1992",27,"1,80 m",Czech Republic,right,30.06.2021
oliver-mcburnie,"Jun 4, 1996",23,"1,88 m",Scotland  England,right,30.06.2023
ruben-vinagre,"Apr 9, 1999",20,"1,74 m",Portugal,left,30.06.2024
ngolo-kante,"Mar 29, 1991",28,"1,68 m",France  Mali,right,30.06.2023
henri-saivet,"Oct 26, 1990",29,"1,75 m",Senegal  France,right,30.06.2021
dale-stephens,"Dec 12, 1989",29,"1,85 m",England,right,30.06.2021
phil-jones,"Feb 21, 1992",27,"1,85 m",England,right,30.06.2023
manuel-lanzini,"Feb 15, 1993",26,"1,67 m",Argentina  Italy,right,30.06.2023
lewis-cook,"Feb 3, 1997",22,"1,75 m",England,right,30.06.2022
dominic-calvert-lewin,"Mar 16, 1997",22,"1,87 m",England,right,30.06.2023
pedro-neto,"Mar 9, 2000",19,"1,72 m",Portugal,left,30.06.2024
moise-kean,"Feb 28, 2000",19,"1,83 m",Italy  Cote d'Ivoire,right,30.06.2024
mark-travers,"May 18, 1999",20,"1,91 m",Ireland,right,-
onel-hernandez,"Feb 1, 1993",26,"1,72 m",Cuba  Germany,right,30.06.2023
giovani-lo-celso,"Apr 9, 1996",23,"1,77 m",Argentina  Italy,left,30.06.2020
christoph-zimmermann,"Jan 12, 1993",26,"1,94 m",Germany,right,30.06.2023
declan-rice,"Jan 14, 1999",20,"1,85 m",England  Ireland,right,30.06.2024
ben-chilwell,"Dec 21, 1996",22,"1,78 m",England,left,30.06.2024
kieron-freeman,"Mar 21, 1992",27,"1,78 m",Wales  England,right,30.06.2020
dan-gosling,"Feb 1, 1990",29,"1,80 m",England,right,30.06.2021
nemanja-matic,"Aug 1, 1988",31,"1,94 m",Serbia  Slovakia,left,30.06.2020
ricardo-pereira,"Oct 6, 1993",26,"1,75 m",Portugal  Cape Verde,right,30.06.2023
mamadou-sakho,"Feb 13, 1990",29,"1,87 m",France  Senegal,left,30.06.2021
hugo-lloris,"Dec 26, 1986",32,"1,88 m",France,left,30.06.2022
michail-antonio,"Mar 28, 1990",29,"1,80 m",England  Jamaica,right,30.06.2021
adrian,"Jan 3, 1987",32,"1,90 m",Spain,right,30.06.2021
marvelous-nakamba,"Jan 19, 1994",25,"1,77 m",Zimbabwe,left,30.06.2024
kyle-walker,"May 28, 1990",29,"1,83 m",England,right,30.06.2024
reiss-nelson,"Dec 10, 1999",19,"1,75 m",England  Zimbabwe,right,30.06.2023
aymeric-laporte,"May 27, 1994",25,"1,91 m",France,left,30.06.2025
diogo-dalot,"Mar 18, 1999",20,"1,83 m",Portugal,right,30.06.2023
david-mcgoldrick,"Nov 29, 1987",31,"1,84 m",Ireland  England,right,30.06.2021
roberto-pereyra,"Jan 7, 1991",28,"1,82 m",Argentina,both,30.06.2021
wesley,"Nov 26, 1996",22,"1,91 m",Brazil,right,30.06.2024
adam-smith,"Apr 29, 1991",28,"1,74 m",England,right,30.06.2021
henri-lansbury,"Oct 12, 1990",29,"1,83 m",England,right,30.06.2021
jack-cork,"Jun 25, 1989",30,"1,85 m",England,right,30.06.2021
victor-lindelof,"Jul 17, 1994",25,"1,87 m",Sweden,right,30.06.2024
lee-grant,"Jan 27, 1983",36,"1,93 m",England,right,30.06.2020
danny-welbeck,"Nov 26, 1990",28,"1,85 m",England,right,30.06.2022
jamal-lewis,"Jan 25, 1998",21,"1,78 m",Northern Ireland  England,left,30.06.2023
diogo-jota,"Dec 4, 1996",22,"1,78 m",Portugal,right,30.06.2022
cesar-azpilicueta,"Aug 28, 1989",30,"1,78 m",Spain,right,30.06.2022
erik-lamela,"Mar 4, 1992",27,"1,84 m",Argentina  Spain,left,30.06.2022
calum-chambers,"Jan 20, 1995",24,"1,83 m",England,right,30.06.2022
gary-cahill,"Dec 19, 1985",33,"1,93 m",England,right,30.06.2021
cenk-tosun,"Jun 7, 1991",28,"1,83 m",Turkey  Germany,right,30.06.2022
jordan-henderson,"Jun 17, 1990",29,"1,87 m",England,right,30.06.2023
rob-holding,"Sep 20, 1995",24,"1,89 m",England,right,30.06.2023
jack-colback,"Oct 24, 1989",30,"1,77 m",England,left,30.06.2020
bernard,"Sep 8, 1992",27,"1,64 m",Brazil  Spain,right,30.06.2022
hamza-choudhury,"Oct 1, 1997",22,"1,78 m",England  Bangladesh,NaN,30.06.2023
ezri-konsa,"Oct 23, 1997",22,"1,83 m",England  DR Congo,right,-
anthony-martial,"Dec 5, 1995",23,"1,83 m",France  Guadeloupe,right,30.06.2024
sebastian-prodl,"Jun 21, 1987",32,"1,94 m",Austria,right,30.06.2021
harvey-barnes,"Dec 9, 1997",21,"1,80 m",England,right,30.06.2024
kevin-danso,"Sep 19, 1998",21,"1,90 m",Austria,right,30.06.2020
