Full Name,Position,Minutes,Goals Scored,Assists,Clean Sheets,Goals Conceded,Own Goals,Penalties Saved,Penalties Missed,Yellow Cards,Red Cards,Saves,Bonus Points,Bonus Point System Score,Influence,Creativity,Threat,ICT Index
Joel Dinis Castro Pereira,GK,0,0,0,0,0,0,0,0,0,0,0,0,0,0,0,0,0
Andreas Pereira,MF,0,0,0,0,0,0,0,0,0,0,0,0,0,0,0,0,0
Axel Tuanzebe,DF,1,0,0,0,0,0,0,0,0,0,0,0,3,0,0,0,0
Sergio Romero,GK,90,0,0,1,0,0,0,0,0,0,3,0,26,26.4,0,0,2.6
Zlatan Ibrahimovic,FW,102,0,0,0,2,0,0,0,0,0,0,0,18,14.8,43.5,68,12.6
Michael Carrick,MF,108,0,0,1,0,0,0,0,0,0,0,0,19,23.2,13.7,41,7.8
Daley Blind,DF,360,0,0,4,0,0,0,0,0,0,0,1,119,65.8,93,15,17.3
Matteo Darmian,DF,443,0,0,3,3,0,0,0,0,0,0,3,119,95,25.3,6,12.6
Marouane Fellaini,MF,611,4,0,4,1,0,0,0,1,0,0,3,171,246,88.2,264,59.8
Scott McTominay,MF,629,0,0,4,3,0,0,0,2,0,0,0,96,78.2,53.6,11,14.2
Marcos Rojo,DF,639,0,0,3,8,0,0,0,6,0,0,4,126,151.4,26,47,22.5
Luke Shaw,DF,787,0,0,7,2,0,0,0,2,0,0,4,216,142.6,127,144,41.5
Eric Bailly,DF,1000,1,0,7,6,1,0,0,2,0,0,3,248,222,28.4,79,33
Ander Herrera,MF,1257,0,2,5,14,0,0,0,5,0,0,0,229,294.4,229.4,101,62.7
Victor Lindelöf,DF,1284,0,0,5,14,0,0,0,1,0,0,1,297,272.8,37.7,8,32
Anthony Martial,MF,1572,9,6,9,13,0,0,0,1,0,0,7,403,535.4,509.3,748,179.5
Marcus Rashford,FW,1799,7,5,10,16,0,0,0,3,0,0,11,387,470.8,412.1,838,171.7
Jesse Lingard,MF,1807,8,6,9,18,0,0,0,2,0,0,10,450,526.6,519.1,711,175.3
Juan Mata,MF,1919,3,5,15,10,0,0,0,1,0,0,6,418,422.8,849.9,453,172.1
Phil Jones,DF,1973,0,0,15,11,1,0,0,2,0,0,19,554,486.4,36.6,12,53.6
Paul Pogba,MF,2145,6,13,11,20,0,0,0,5,1,0,15,528,710.8,663.5,780,215.6
Ashley Young,MF,2444,2,6,9,26,0,0,0,7,0,0,11,479,601.2,502.3,213,131.6
Chris Smalling,DF,2535,4,0,11,24,0,0,0,4,0,0,9,590,743.8,35.3,230,101.2
Alexis Sanchez,MF,2546,9,10,11,32,0,0,1,5,0,0,13,515,823.2,1155.2,1281,326.1
Antonio Valencia,DF,2741,3,1,16,22,0,0,0,7,0,0,13,660,559.2,438.5,259,125.5
Romelu Lukaku,FW,2866,16,7,14,26,0,0,1,4,0,0,18,593,831,572.4,1334,273.2
Nemanja Matic,MF,3117,1,1,16,26,0,0,0,6,0,0,3,576,681.4,427.9,168,127.9
David De Gea,GK,3330,0,0,18,28,0,0,0,0,0,115,10,757,821.2,10,0,83.4
Damian Emiliano Martinez,GK,0,0,0,0,0,0,0,0,0,0,0,0,0,0,0,0,0
Gabriel Armando de Abreu,DF,0,0,0,0,0,0,0,0,0,0,0,0,0,0,0,0,0
Carl Jenkinson,DF,0,0,0,0,0,0,0,0,0,0,0,0,0,0,0,0,0
Santiago Cazorla,MF,0,0,0,0,0,0,0,0,0,0,0,0,0,0,0,0,0
Lucas Perez,FW,0,0,0,0,0,0,0,0,0,0,0,0,0,0,0,0,0
Matt Macey,GK,0,0,0,0,0,0,0,0,0,0,0,0,0,0,0,0,0
Mathieu Debuchy,DF,0,0,0,0,0,0,0,0,0,0,0,0,0,0,0,0,0
Jordi Osei-Tutu,DF,0,0,0,0,0,0,0,0,0,0,0,0,0,0,0,0,0
Edward Nketiah,FW,17,0,0,0,1,0,0,0,0,0,0,0,10,5,1.9,17,2.3
Joseph Willock,MF,81,0,0,0,2,0,0,0,0,0,0,0,8,8.2,5.8,4,1.8
Reiss Nelson,MF,144,0,0,0,3,0,0,0,0,0,0,0,23,12,29.7,11,5.3
Francis Coquelin,MF,164,0,0,0,6,0,0,0,0,0,0,0,35,22.2,16.9,8,4.8
Konstantinos Mavropanos,DF,194,0,0,1,5,0,0,0,0,1,0,0,41,52.2,1.3,2,5.5
Per Mertesacker,DF,364,1,0,0,7,0,0,0,0,0,0,2,81,119.6,3,38,16.1
David Ospina,GK,380,0,0,2,3,0,0,0,0,0,9,1,86,75.8,0,0,7.7
Rob Holding,DF,819,0,1,3,17,0,0,0,3,0,0,1,196,212.2,39.3,24,27.5
Calum Chambers,DF,864,0,0,2,14,0,0,0,1,0,0,0,171,227.8,40,134,40.2
Mohamed Elneny,MF,865,0,1,3,12,0,0,0,3,1,0,0,156,138.2,194.4,92,42.5
Ainsley Maitland-Niles,MF,908,0,0,3,16,0,0,0,1,0,0,0,160,168.4,141.3,67,37.8
Pierre-Emerick Aubameyang,FW,1056,10,4,4,15,0,0,1,0,0,0,12,354,484,207.1,580,127.1
Danny Welbeck,FW,1178,5,2,4,21,0,0,0,1,0,0,6,249,309.8,212.8,435,96
Jack Wilshere,MF,1185,1,3,4,16,0,0,0,6,0,0,2,236,258.4,281.8,169,71
Henrikh Mkhitaryan,MF,1712,3,9,12,17,0,0,0,2,0,0,9,411,506.8,727.8,400,163.8
Alex Iwobi,MF,1827,3,5,9,26,0,0,0,1,0,0,2,426,430,592.9,635,165.6
Aaron Ramsey,MF,1844,7,10,9,25,0,0,0,0,0,0,12,503,631.2,478.3,734,184.2
Sead Kolasinac,DF,2146,2,4,10,30,0,0,0,3,0,0,6,510,443.2,334.9,404,118.3
Mesut Ozil,MF,2161,4,9,8,36,0,0,0,4,0,0,11,506,640.6,1287.5,555,248.6
Alexandre Lacazette,FW,2197,14,5,10,28,0,0,0,1,0,0,11,543,725.6,566,1291,258
Laurent Koscielny,DF,2225,2,0,9,32,0,0,0,4,0,0,16,556,692,123.8,137,95.5
Nacho Monreal,DF,2241,5,2,10,29,0,0,0,3,0,0,15,604,693.6,238.7,305,124
Shkodran Mustafi,DF,2272,3,1,10,30,0,0,0,6,0,0,13,610,836.6,129.9,202,117
Petr Cech,GK,3039,0,0,11,48,0,1,0,1,0,90,7,627,722.4,0,0,71.9
Hector Bellerin,DF,3050,2,4,12,44,0,0,0,5,0,0,11,656,554,561,484,160.1
Granit Xhaka,MF,3259,1,8,12,50,0,0,0,10,0,0,3,593,753.4,822.8,378,195.3
Grant Hanley,DF,0,0,0,0,0,0,0,0,0,0,0,0,0,0,0,0,0
Yoan Gouffran,MF,0,0,0,0,0,0,0,0,0,0,0,0,0,0,0,0,0
Jack Colback,MF,0,0,0,0,0,0,0,0,0,0,0,0,0,0,0,0,0
Daryl Murphy,FW,0,0,0,0,0,0,0,0,0,0,0,0,0,0,0,0,0
Siem de Jong,MF,0,0,0,0,0,0,0,0,0,0,0,0,0,0,0,0,0
Freddie Woodman,GK,0,0,0,0,0,0,0,0,0,0,0,0,0,0,0,0,0
Massadio Haidara,DF,3,0,0,0,0,0,0,0,0,0,0,0,3,0,0,0,0
Henri Saivet,MF,83,1,0,0,2,0,0,0,0,0,0,1,27,49.8,0.8,7,5.8
Aleksandar Mitrovic,FW,89,1,0,0,0,0,0,0,0,0,0,0,37,48.2,44.7,73,16.6
Jesus Gamez Duarte,DF,97,0,0,1,0,0,0,0,0,0,0,2,38,32.2,47.6,4,8.4
Rolando Aarons,MF,136,0,0,0,2,0,0,0,0,0,0,0,19,12,8.1,25,4.6
Islam Slimani,FW,369,1,1,1,4,0,0,0,1,0,0,1,76,83.2,100.8,115,29.6
Chancel Mbemba,DF,670,0,0,1,11,0,0,0,0,0,0,3,133,158.2,67.1,6,23.2
Karl Darlow,GK,900,0,0,2,15,1,0,0,0,0,35,2,172,258.8,0,0,25.9
Robert Kenedy Nunes do Nascimento,MF,1023,2,2,6,9,0,0,0,1,0,0,5,171,236.4,224.1,253,71.4
Martin Dubravka,GK,1080,0,0,4,11,0,1,0,0,0,26,5,215,234.6,0,0,23.3
Jacob Murphy,MF,1137,1,2,2,25,0,0,0,0,0,0,2,171,161.8,159.7,227,54.7
Mikel Merino,MF,1337,1,1,3,18,0,0,0,4,0,0,4,271,374.8,236.7,156,76.9
Isaac Hayden,MF,1365,1,0,3,25,0,0,0,7,0,0,0,171,273.6,164.7,144,58.2
Robert Elliot,GK,1440,0,0,3,21,0,1,0,0,0,44,4,280,364.2,0,0,36.5
Paul Dummett,DF,1602,0,0,5,18,0,0,0,1,0,0,0,280,333.6,97.8,58,49
Jose Luis Mato Sanmartin,FW,1703,4,1,5,25,0,0,1,2,0,0,5,227,291.2,254.8,526,106.5
Ciaran Clark,DF,1745,2,1,4,30,0,0,0,3,0,0,6,317,433.6,50.8,190,67.5
Javier Manquillo,DF,1757,0,1,4,31,0,0,0,2,0,0,1,247,266,164.8,26,45.9
Christian Atsu,MF,1776,2,4,6,22,0,0,0,1,0,0,5,236,308.8,340.6,480,112.9
Dwight Gayle,FW,1946,6,3,6,31,0,0,0,3,0,0,8,276,352,333.6,808,148.7
Mohamed Diame,MF,2034,2,0,6,27,0,0,0,3,0,0,3,340,431.8,214.2,203,85.3
Florian Lejeune,DF,2103,0,2,5,32,0,0,0,3,0,0,6,406,557,92.3,139,78.9
Jonjo Shelvey,MF,2264,1,4,6,30,0,0,0,2,2,0,4,360,442.6,639.9,243,132.3
Ayoze Perez,FW,2486,8,6,8,28,1,0,0,3,0,0,15,420,571.8,539,809,191.7
Matt Ritchie,MF,2802,3,7,9,35,0,0,0,6,0,0,10,489,561.2,844.4,520,192.6
DeAndre Yedlin,DF,2842,0,2,7,37,1,0,0,5,0,0,5,467,494.4,340.7,63,90
Jamaal Lascelles,DF,2927,3,0,9,31,0,0,0,5,0,0,9,567,800,77.2,234,111.5
Cameron Carter-Vickers,DF,0,0,0,0,0,0,0,0,0,0,0,0,0,0,0,0,0
Tashan Oakley-Boothe,MF,0,0,0,0,0,0,0,0,0,0,0,0,0,0,0,0,0
Juan Foyth,DF,0,0,0,0,0,0,0,0,0,0,0,0,0,0,0,0,0
Alfie Whiteman,GK,0,0,0,0,0,0,0,0,0,0,0,0,0,0,0,0,0
Kazaiah Sterling,FW,0,0,0,0,0,0,0,0,0,0,0,0,0,0,0,0,0
Vincent Janssen,FW,1,0,0,0,0,0,0,0,0,0,0,0,2,0,0,0,0
Michel Vorm,GK,90,0,0,0,1,0,0,0,0,0,4,0,17,19,0,0,1.9
Paulo Gazzaniga,GK,90,0,0,1,0,0,0,0,0,0,3,2,26,27.4,0,0,2.7
Kyle Walker-Peters,DF,188,0,2,1,4,0,0,0,0,0,0,0,73,70.4,48.3,10,12.9
Lucas Rodrigues Moura da Silva,MF,206,0,1,0,6,0,0,0,0,0,0,0,36,49,83.2,41,17.5
Fernando Llorente,FW,224,1,0,1,2,0,0,0,1,0,0,2,70,60.2,66.7,99,22.6
Harry Winks,MF,768,0,1,4,9,0,0,0,0,0,0,0,167,144.4,172.2,14,33.1
Danny Rose,DF,800,0,2,2,14,0,0,0,4,0,0,0,136,159.4,181.6,117,45.9
Erik Lamela,MF,826,2,4,4,12,0,0,0,4,0,0,1,186,204.8,283.1,364,84.7
Victor Wanyama,MF,837,1,0,2,11,0,0,0,2,0,0,1,174,206,96.8,77,37.8
Toby Alderweireld,DF,1177,0,0,5,13,0,0,0,3,0,0,3,247,249.2,67.8,50,36.8
Moussa Sissoko,MF,1385,1,1,7,18,0,0,0,3,0,0,0,246,245.8,384.7,281,91.1
Serge Aurier,DF,1427,2,2,6,13,0,0,0,1,1,0,9,335,367.2,236.5,209,81.4
Mousa Dembele,MF,1875,0,0,7,22,0,0,0,6,0,0,3,358,309.2,303.1,73,68.5
Kieran Trippier,DF,1912,0,7,9,21,0,0,0,1,0,0,18,539,459,617.5,78,115.6
Heung-Min Son,MF,2292,12,8,14,18,0,0,0,0,0,0,16,544,725.8,588.2,1177,249.1
Ben Davies,DF,2323,2,7,12,20,0,0,0,3,0,0,14,615,610,698.8,201,151
Davinson Sanchez,DF,2532,0,0,13,21,1,0,0,1,1,0,8,597,598,74.8,89,76.2
Eric Dier,MF,2822,0,2,15,30,0,0,0,4,0,0,2,477,604.2,293.4,289,118.6
Bamidele Alli,MF,2957,9,13,16,28,0,0,0,7,0,0,12,565,775.2,878.5,934,258.8
Harry Kane,FW,3074,29,2,15,34,0,0,1,5,0,0,31,781,1214.4,502.1,2355,407.4
Jan Vertonghen,DF,3203,0,1,16,31,0,0,0,4,0,0,13,778,774.4,205.7,243,122.7
Christian Eriksen,MF,3218,11,10,17,33,0,0,0,0,0,0,23,826,1072.6,1487,1021,358.2
Hugo Lloris,GK,3240,0,0,15,35,0,0,0,1,0,87,6,694,726.4,0.1,0,72.3
Eduardo dos Reis Carvalho,GK,0,0,0,0,0,0,0,0,0,0,0,0,0,0,0,0,0
Diego Da Silva Costa,FW,0,0,0,0,0,0,0,0,0,0,0,0,0,0,0,0,0
Fikayo Tomori,DF,0,0,0,0,0,0,0,0,0,0,0,0,0,0,0,0,0
Kyle Scott,MF,0,0,0,0,0,0,0,0,0,0,0,0,0,0,0,0,0
Dujon Sterling,DF,0,0,0,0,0,0,0,0,0,0,0,0,0,0,0,0,0
Trevoh Chalobah,DF,0,0,0,0,0,0,0,0,0,0,0,0,0,0,0,0,0
Ethan Ampadu,MF,10,0,0,0,1,0,0,0,0,0,0,0,6,7.4,0,0,0.7
Jeremie Boga,MF,17,0,0,0,0,0,0,0,0,0,0,0,1,0,1,0,0
Callum Hudson-Odoi,MF,27,0,0,0,1,0,0,0,0,0,0,0,11,8.8,1.7,27,3.8
Charly Musonda,MF,35,0,1,0,0,0,0,0,0,0,0,0,15,20.6,18.5,14,5
Ross Barkley,MF,129,0,0,0,4,0,0,0,0,0,0,0,11,21,34.7,45,10.1
Kasey Palmer,MF,168,0,0,1,2,0,0,0,2,0,0,0,9,20,25.6,27,7.2
Willy Caballero,GK,270,0,0,1,4,0,0,0,0,0,7,0,54,55.2,0,0,5.5
Emerson Palmieri dos Santos,DF,278,0,1,1,4,0,0,0,0,0,0,0,68,61.8,28.7,48,13.8
Michy Batshuayi,FW,351,2,1,1,7,1,0,0,0,0,0,3,77,99.4,39,123,25.7
Daniel Drinkwater,MF,520,1,0,1,7,0,0,0,0,0,0,1,117,116.4,88.1,54,25.7
David Luiz Moreira Marinho,DF,838,1,2,3,13,0,0,0,3,1,0,0,186,210.2,22.3,65,29.6
Olivier Giroud,FW,981,7,1,5,11,0,0,0,0,0,0,10,273,307,311.1,673,129
Davide Zappacosta,DF,1087,1,1,5,15,0,0,0,0,0,0,1,226,255.2,245.3,329,82.6
Pedro Rodriguez Ledesma,MF,1511,4,2,8,14,0,0,0,1,0,0,2,272,338.4,410,498,124.6
Willian Borges Da Silva,MF,1874,6,8,9,19,0,0,0,1,0,0,13,522,640,891.5,715,224.5
Alvaro Morata,FW,2055,11,6,11,19,0,0,0,7,0,0,13,356,620.6,478.9,1192,228.8
Andreas Christensen,DF,2067,0,0,8,23,0,0,0,0,0,0,4,475,466.6,66.5,109,64.3
Gary Cahill,DF,2082,0,0,9,27,0,0,0,1,1,0,2,447,496.6,55.6,99,65.4
Victor Moses,DF,2109,3,6,11,20,0,0,0,3,0,0,9,486,417,358.1,482,125.9
Tiemoue Bakayoko,MF,2121,2,2,11,24,0,0,0,3,1,0,5,346,415.4,279.5,434,113.2
Cesc Fabregas,MF,2300,2,4,11,26,0,0,0,4,1,0,7,539,713.8,1349.3,485,254.9
Antonio Rudiger,DF,2336,2,1,12,22,0,0,0,4,0,0,8,557,546.6,83,217,84.8
Eden Hazard,MF,2417,12,6,12,27,0,0,0,2,0,0,24,699,928,1127.3,1115,317.3
Marcos Alonso,DF,2855,7,2,13,30,0,0,0,6,0,0,15,650,697.8,549.6,822,207.1
N'Golo Kante,MF,2994,1,2,16,32,0,0,0,3,0,0,9,655,676,638.2,199,151.7
Thibaut Courtois,GK,3150,0,0,15,34,0,0,0,2,0,77,4,635,549,0,0,55.2
Cesar Azpilicueta,DF,3330,2,6,15,38,1,0,0,1,0,0,25,913,967.4,535.7,168,167.5
Joel Robles,GK,0,0,0,0,0,0,0,0,0,0,0,0,0,0,0,0,0
Maarten Stekelenburg,GK,0,0,0,0,0,0,0,0,0,0,0,0,0,0,0,0,0
Matthew Pennington,DF,0,0,0,0,0,0,0,0,0,0,0,0,0,0,0,0,0
Luke Garbutt,DF,0,0,0,0,0,0,0,0,0,0,0,0,0,0,0,0,0
Muhamed Besic,MF,46,0,0,0,0,0,0,0,0,0,0,0,10,18.2,11.5,0,3
Ramiro Funes Mori,DF,119,0,0,0,2,0,0,0,1,0,0,0,14,29.2,0.9,6,3.6
Kevin Mirallas,MF,135,0,0,0,8,0,0,0,1,0,0,0,19,16.4,20.2,42,7.9
Ademola Lookman,MF,153,0,1,0,6,0,0,0,0,0,0,0,30,12,20.5,43,7.5
Beni Baningime,MF,192,0,0,0,2,0,0,0,1,0,0,0,20,9.4,3.8,0,1.3
James McCarthy,MF,204,0,0,0,6,0,0,0,0,0,0,0,41,33.8,19.3,4,5.8
Davy Klaassen,MF,248,0,0,0,6,0,0,0,0,0,0,0,18,23,33.7,28,8.3
Sandro Ramirez,FW,275,0,0,1,7,0,0,0,0,0,0,0,21,8.8,28.3,67,9.8
Nikola Vlasic,MF,572,0,0,1,12,0,0,0,0,0,0,0,80,91.8,159.1,85,33.6
Eliaquim Mangala,DF,617,0,0,2,7,0,0,0,0,0,0,0,118,113.8,19.9,32,16.8
Yannick Bolasie,MF,848,1,1,3,14,0,0,0,0,0,0,0,80,98.6,109,204,40.8
Cenk Tosun,FW,984,5,0,4,13,0,0,0,0,0,0,9,192,232.4,226.4,304,75.6
Seamus Coleman,DF,1035,0,1,4,12,0,0,0,0,0,0,0,198,227.6,113.7,69,41.2
Oumar Niasse,FW,1076,8,3,0,23,0,0,0,2,0,0,14,248,370.6,159.2,634,115.2
Mason Holgate,DF,1183,0,0,4,14,0,0,0,3,0,0,0,214,285.8,93.9,105,48.5
Theo Walcott,MF,1214,3,3,4,17,0,0,0,2,0,0,3,226,316.6,234.9,406,95.9
Jonjoe Kenny,DF,1589,0,2,5,31,0,0,0,2,0,0,2,309,362.4,184.5,47,59.5
Ashley Williams,DF,1830,1,0,5,31,0,0,0,3,1,0,3,332,518,39,132,68.9
Cuco Martina,DF,1830,0,2,5,30,0,0,0,2,0,0,0,367,468.8,238.8,39,74.9
Dominic Calvert-Lewin,FW,1871,4,8,6,28,0,0,0,4,0,0,3,255,354,322.6,630,130.2
Tom Davies,MF,1892,2,2,6,24,0,0,0,7,0,0,3,223,242.8,207.2,218,65.8
Leighton Baines,DF,1909,2,3,5,34,0,0,0,1,0,0,10,381,407.4,373.5,102,88.2
Phil Jagielka,DF,2063,0,0,6,39,0,0,0,2,0,0,5,415,529.2,24.1,108,66.2
Morgan Schneiderlin,MF,2124,0,0,6,38,0,0,0,4,1,0,1,344,361.2,159.2,52,57.2
Gylfi Sigurdsson,MF,2257,4,4,6,40,0,0,0,2,0,0,8,396,485.6,614.9,437,154
Wayne Rooney,FW,2265,10,3,7,33,0,0,3,5,0,0,20,480,585,573.7,467,162.4
Michael Keane,DF,2559,0,1,7,46,0,0,0,3,0,0,11,513,703.4,58.4,124,88.7
Idrissa Gueye,MF,2749,2,2,9,45,0,0,0,6,1,0,7,552,577,303.6,166,104.6
Jordan Pickford,GK,3420,0,0,10,58,0,1,0,0,0,121,16,724,873.6,30.1,4,90.7
Robert Huth,DF,0,0,0,0,0,0,0,0,0,0,0,0,0,0,0,0,0
Nampalys Mendy,MF,0,0,0,0,0,0,0,0,0,0,0,0,0,0,0,0,0
Ahmed Musa,MF,0,0,0,0,0,0,0,0,0,0,0,0,0,0,0,0,0
George Thomas,MF,0,0,0,0,0,0,0,0,0,0,0,0,0,0,0,0,0
Sam Hughes,DF,0,0,0,0,0,0,0,0,0,0,0,0,0,0,0,0,0
Layton Ndukwu,DF,0,0,0,0,0,0,0,0,0,0,0,0,0,0,0,0,0
Harvey Barnes,MF,8,0,0,0,0,0,0,0,0,0,0,0,8,0.2,1,6,0.6
Yohan Benalouane,DF,90,0,0,0,2,0,0,0,0,0,0,0,7,24.8,1.3,18,4.4
Eldin Jakupovic,GK,180,0,0,0,6,0,0,0,0,0,8,0,36,67.8,0,0,6.8
Ben Hamer,GK,274,0,0,1,7,0,0,0,0,0,6,0,54,51.8,0,0,5.1
Hamza Choudhury,MF,375,0,1,0,9,0,0,0,1,0,0,0,60,68,20.2,16,10.4
Daniel Amartey,MF,486,0,0,3,7,0,0,0,0,1,0,0,53,81.2,10.3,0,9.2
Fousseni Diabate,FW,579,0,1,0,12,0,0,0,1,0,0,0,72,98.6,130.8,67,29.7
Adrien Sebastian Perruchet Silva,MF,760,0,2,1,18,0,0,0,3,0,0,0,128,133.2,120,65,31.8
Aleksandar Dragovic,DF,766,0,0,4,14,0,0,0,2,0,0,0,166,177.8,3.6,35,21.8
Kelechi Iheanacho,FW,818,3,4,1,17,0,0,0,2,0,0,5,171,214.2,185.6,350,74.5
Matty James,MF,991,0,0,4,15,0,0,0,2,0,0,0,121,114.6,52.7,145,31.4
Shinji Okazaki,FW,1314,6,3,5,19,0,0,0,2,0,0,7,275,347.6,228.1,508,107.9
Vicente Iborra,MF,1411,3,0,3,23,0,0,0,0,0,0,6,293,341.6,131.6,150,62.3
Demarai Gray,MF,1683,3,3,4,35,0,0,0,2,0,0,2,308,290.6,412.8,461,116.7
Benjamin Chilwell,DF,1848,0,2,6,30,0,0,0,1,1,0,4,381,382.8,332.1,63,78
Christian Fuchs,DF,1917,0,1,4,35,1,0,0,1,0,0,8,370,396.6,282.2,55,73.5
Danny Simpson,DF,2306,0,0,5,41,0,0,0,4,0,0,0,342,444.2,121.2,42,60.7
Marc Albrighton,MF,2533,2,8,8,42,0,0,0,5,1,0,12,458,580,718.3,300,160.2
Wes Morgan,DF,2817,0,0,5,52,0,0,0,4,0,0,1,390,530,62,158,75.1
Wilfred Ndidi,MF,2896,0,4,9,45,0,0,0,6,2,0,4,449,640.4,230.7,299,117.2
Riyad Mahrez,MF,2948,12,13,9,51,0,0,0,2,0,0,19,682,966,924,932,282.6
Kasper Schmeichel,GK,2965,0,0,8,47,1,2,0,3,0,93,17,592,687.2,11.1,0,69.9
Jamie Vardy,FW,3248,20,2,8,57,0,0,1,3,0,0,28,674,822.8,439.9,1222,248.6
Harry Maguire,DF,3420,2,4,9,60,0,0,0,7,0,0,10,716,955.8,254.3,478,168.8
Leiva Lucas,MF,0,0,0,0,0,0,0,0,0,0,0,0,0,0,0,0,0
Oluwaseyi Ojo,MF,0,0,0,0,0,0,0,0,0,0,0,0,0,0,0,0,0
Jon Flanagan,DF,0,0,0,0,0,0,0,0,0,0,0,0,0,0,0,0,0
Danny Ward,GK,0,0,0,0,0,0,0,0,0,0,0,0,0,0,0,0,0
Conor Masterson,DF,0,0,0,0,0,0,0,0,0,0,0,0,0,0,0,0,0
Curtis Jones,MF,0,0,0,0,0,0,0,0,0,0,0,0,0,0,0,0,0
Rafael Camacho,MF,0,0,0,0,0,0,0,0,0,0,0,0,0,0,0,0,0
Ben Woodburn,MF,6,0,0,0,0,0,0,0,0,0,0,0,3,0.4,2.3,2,0.5
Divock Origi,FW,9,0,0,0,1,0,0,0,0,0,0,0,3,0,0,0,0
Marko Grujic,MF,14,0,0,0,0,0,0,0,0,0,0,0,9,7.4,11.7,0,1.9
Nathaniel Clyne,DF,173,0,0,1,1,0,0,0,1,0,0,0,25,21.8,23.8,41,8.7
Adam Lallana,MF,234,0,0,1,1,0,0,0,1,0,0,0,37,32.6,113.4,128,27.3
Danny Ings,FW,262,1,1,3,0,0,0,0,0,0,0,0,53,57.8,42,143,24
Dominic Solanke,FW,581,1,2,3,4,0,0,0,0,0,0,2,107,123.8,199.4,350,66.4
Philippe Coutinho,MF,1109,7,7,5,14,0,0,0,0,0,0,15,381,550.4,624.4,519,169.4
Alberto Moreno,DF,1264,0,1,6,19,0,0,0,1,0,0,3,328,261.8,250.1,106,61.7
Ragnar Klavan,DF,1449,1,0,8,15,0,0,0,0,0,0,9,384,357.2,65,43,46.6
Trent Alexander-Arnold,DF,1573,1,2,8,17,0,0,0,3,0,0,10,385,358.2,399.2,142,90.1
Simon Mignolet,GK,1710,0,0,7,24,0,1,0,3,0,36,0,329,281,0,0,28
Loris Karius,GK,1710,0,0,10,14,0,1,0,1,0,31,5,382,280.6,0,0,27.9
Alex Oxlade-Chamberlain,MF,1718,3,7,5,28,0,0,0,3,0,0,5,423,548,625.1,494,166.5
James Milner,DF,1759,0,3,6,25,0,0,0,3,0,0,4,459,437.2,615.5,272,132.5
Joseph Gomez,DF,1901,0,2,9,22,0,0,0,3,0,0,9,480,437.4,285.6,46,76.9
Andrew Robertson,DF,1940,1,5,10,18,0,0,0,2,0,0,12,514,424,414.5,174,101.3
Joel Matip,DF,1995,1,0,9,27,0,0,0,3,0,0,3,470,544.8,96.1,140,78.1
Emre Can,MF,2089,3,6,8,29,0,0,0,8,0,0,10,499,546.4,426.4,231,120.6
Dejan Lovren,DF,2124,2,1,11,24,0,0,0,4,0,0,10,539,656.4,104.5,242,100.2
Jordan Henderson,MF,2169,1,1,14,21,0,0,0,1,0,0,3,382,417,448.8,110,97.8
Sadio Mane,MF,2189,10,8,15,24,0,0,0,3,1,0,8,499,677.4,739.1,964,238
Virgil van Dijk,DF,2253,0,0,8,28,0,0,0,1,0,0,5,481,601,122.6,277,100.2
Georginio Wijnaldum,MF,2381,1,2,15,23,0,0,0,1,0,0,1,406,341.8,356.2,399,109.9
Roberto Firmino,FW,2760,15,8,16,32,0,0,0,1,0,0,29,758,951,834.5,1341,312.7
Mohamed Salah,MF,2905,32,12,15,29,0,0,1,1,0,0,26,881,1496.2,942.5,2109,454.4
Jordy Clasie,MF,0,0,0,0,0,0,0,0,0,0,0,0,0,0,0,0,0
Stuart Taylor,GK,0,0,0,0,0,0,0,0,0,0,0,0,0,0,0,0,0
Michael Obafemi,FW,8,0,0,0,0,0,0,0,0,0,0,0,-1,0,1.3,4,0.3
Sam McQueen,DF,142,0,0,1,2,0,0,0,0,0,0,2,49,29.4,34.2,8,7.2
Joshua Sims,MF,160,0,0,1,2,0,0,0,0,0,0,0,18,32.6,43.5,149,22.5
Matt Targett,DF,166,0,0,0,6,0,0,0,0,0,0,0,35,42.2,38.6,0,8.1
Jeremy Pied,DF,180,0,1,0,3,0,0,0,0,0,0,1,47,65.8,29.9,4,10
Jan Bednarek,DF,427,1,0,2,5,0,0,0,1,0,0,0,88,110,1.9,19,13.1
Guido Carrillo,FW,449,0,1,1,8,0,0,0,0,0,0,0,40,50.2,64.2,179,29.4
Charlie Austin,FW,1024,7,1,4,15,0,0,0,2,0,0,9,215,302.8,89.4,689,107.7
Manolo Gabbiadini,FW,1067,5,0,4,17,0,0,0,2,0,0,10,204,203,133.9,269,58.6
Sofiane Boufal,MF,1206,2,2,1,24,0,0,0,1,0,0,2,215,289.4,351.6,397,103.7
Steven Davis,MF,1515,3,2,4,21,0,0,0,0,0,0,6,337,345.2,350.8,126,82.5
Shane Long,FW,1570,2,2,4,28,0,0,0,6,0,0,0,167,235.6,301.9,512,104.6
Alex McCarthy,GK,1620,0,0,4,26,0,0,0,2,0,42,3,278,280.8,0,0,28.1
Pierre-Emile Hojbjerg,MF,1666,0,0,3,30,0,0,0,6,0,0,0,261,266.6,258.4,148,67.6
James Ward-Prowse,MF,1708,3,5,2,29,0,0,0,3,0,0,8,367,363.4,613.9,296,127.1
Mario Lemina,MF,1715,1,1,4,31,0,0,0,2,0,0,5,337,363.6,170.6,145,67.8
Fraser Forster,GK,1800,0,0,4,30,0,1,0,0,0,69,6,351,488.2,0,0,48.9
Nathan Redmond,MF,1938,1,3,7,31,0,0,0,3,0,0,3,296,347,630.9,493,147.2
Jack Stephens,DF,1980,2,0,5,33,0,0,0,6,1,0,2,360,506.6,68.3,224,79.9
Maya Yoshida,DF,2049,2,1,6,32,0,0,0,2,1,0,6,413,525.2,67,236,83
Wesley Hoedt,DF,2520,0,2,5,42,0,0,0,7,0,0,11,532,661.6,130.9,146,93.8
Dusan Tadic,MF,2791,6,3,10,43,0,0,0,4,0,0,10,464,588.6,950.9,656,219.5
Cedric Soares,DF,2794,0,3,7,44,0,0,0,3,0,0,2,481,507,455.6,159,112.3
Oriol Romeu Vidal,MF,2897,1,0,8,47,0,0,0,11,0,0,0,474,616.2,338.7,231,118.7
Ryan Bertrand,DF,3135,0,5,8,49,0,0,0,2,0,0,4,553,515.2,589.1,286,139.3
Darren Randolph,GK,0,0,0,0,0,0,0,0,0,0,0,0,0,0,0,0,0
Robert Snodgrass,MF,0,0,0,0,0,0,0,0,0,0,0,0,0,0,0,0,0
Sofiane Feghouli,MF,0,0,0,0,0,0,0,0,0,0,0,0,0,0,0,0,0
Ashley Fletcher,FW,0,0,0,0,0,0,0,0,0,0,0,0,0,0,0,0,0
Enner Valencia,FW,0,0,0,0,0,0,0,0,0,0,0,0,0,0,0,0,0
Sead Haksabanovic,MF,0,0,0,0,0,0,0,0,0,0,0,0,0,0,0,0,0
Antonio Martinez Lopez,FW,0,0,0,0,0,0,0,0,0,0,0,0,0,0,0,0,0
Domingos Quina,MF,0,0,0,0,0,0,0,0,0,0,0,0,0,0,0,0,0
Ben Johnson,MF,0,0,0,0,0,0,0,0,0,0,0,0,0,0,0,0,0
Nathan Trott,GK,0,0,0,0,0,0,0,0,0,0,0,0,0,0,0,0,0
Moses Makasi,MF,0,0,0,0,0,0,0,0,0,0,0,0,0,0,0,0,0
Reece Burke,DF,0,0,0,0,0,0,0,0,0,0,0,0,0,0,0,0,0
Marcus Browne,MF,0,0,0,0,0,0,0,0,0,0,0,0,0,0,0,0,0
Josh Pask,DF,0,0,0,0,0,0,0,0,0,0,0,0,0,0,0,0,0
Grady Diangana,MF,0,0,0,0,0,0,0,0,0,0,0,0,0,0,0,0,0
Reece Oxford,DF,4,0,0,0,0,0,0,0,0,0,0,0,2,3,0,0,0.3
Josh Cullen,MF,6,0,0,0,0,0,0,0,0,0,0,0,7,7.2,0.6,0,0.8
Jordan Hugill,FW,22,0,0,0,0,0,0,0,0,0,0,0,4,0,0.4,0,0
Patrice Evra,DF,227,0,0,0,10,0,0,0,0,0,0,0,32,42.8,6,0,5
Sam Byram,DF,246,0,0,0,7,0,0,0,1,0,0,0,41,71,37.6,36,14.5
Diafra Sakho,FW,294,2,1,0,11,0,0,0,2,0,0,1,65,77.6,25.1,110,21.2
Jose Fonte,DF,688,0,2,3,11,0,0,0,0,0,0,3,156,186.8,57.8,89,33.4
Andy Carroll,FW,742,3,1,3,13,0,0,0,5,1,0,6,106,145.4,110.2,344,58.8
Edimilson Fernandes,MF,840,0,2,2,20,0,0,0,1,0,0,0,123,110.8,97.3,77,28.6
Joao Mario Naval Costa Eduardo,MF,1021,2,1,4,14,0,0,0,0,0,0,5,170,176,294.9,191,66.1
James Collins,DF,1049,1,0,3,19,0,0,0,3,0,0,3,200,346,25.5,76,44.6
Michail Antonio,MF,1350,3,2,7,23,0,0,0,1,0,0,1,188,296.6,256.3,393,94.6
Declan Rice,DF,1421,0,0,3,29,0,0,0,1,0,0,0,280,310.4,35.7,29,37.5
Winston Reid,DF,1452,0,0,5,27,0,0,0,5,0,0,3,264,322.4,48.8,64,43.6
Javier Hernandez Balcazar,FW,1537,8,2,6,36,0,0,0,3,0,0,14,309,373.6,312.4,476,115
Pedro Obiang,MF,1562,2,0,5,29,0,0,0,3,0,0,6,270,377.8,132.1,88,60.1
Adrian San Miguel del Castillo,GK,1710,0,0,6,29,0,0,0,2,0,69,5,374,470.4,0,0,47
Joe Hart,GK,1710,0,1,4,39,0,1,0,0,0,54,3,341,382.8,20,0,40.2
Arthur Masuaku,DF,1867,0,3,6,29,0,0,0,5,0,0,2,352,385,295.1,128,80.7
Manuel Lanzini,MF,2039,5,7,6,44,0,0,1,4,0,0,11,470,559.4,624.9,502,168.8
Marko Arnautovic,MF,2309,11,7,7,50,0,0,0,5,1,0,12,440,713.8,543,1155,241.1
Mark Noble,MF,2400,4,0,7,45,0,0,0,6,0,0,7,461,527.6,337.8,141,100.8
Cheikhou Kouyate,MF,2798,2,3,7,56,0,0,0,5,0,0,2,367,480,262.4,320,106.1
Angelo Ogbonna,DF,2880,1,0,7,60,0,0,0,3,0,0,4,520,687.8,81.4,145,91.4
Aaron Cresswell,DF,3069,1,7,10,60,0,0,0,7,0,0,10,613,690.2,562.7,193,145
Pablo Zabaleta,DF,3289,0,1,10,62,1,0,0,9,0,0,6,563,635,293.7,77,100.7
Connor Wickham,FW,0,0,0,0,0,0,0,0,0,0,0,0,0,0,0,0,0
Jason Lokilo,MF,0,0,0,0,0,0,0,0,0,0,0,0,0,0,0,0,0
Keshi Anderson,FW,0,0,0,0,0,0,0,0,0,0,0,0,0,0,0,0,0
Jordon Mutch,MF,0,0,0,0,0,0,0,0,0,0,0,0,0,0,0,0,0
Dion Henry,GK,0,0,0,0,0,0,0,0,0,0,0,0,0,0,0,0,0
Jaroslaw Jach,DF,0,0,0,0,0,0,0,0,0,0,0,0,0,0,0,0,0
Erdal Rakip,MF,0,0,0,0,0,0,0,0,0,0,0,0,0,0,0,0,0
Nya Kirby,MF,0,0,0,0,0,0,0,0,0,0,0,0,0,0,0,0,0
Diego Cavalieri,GK,0,0,0,0,0,0,0,0,0,0,0,0,0,0,0,0,0
James Daly,FW,0,0,0,0,0,0,0,0,0,0,0,0,0,0,0,0,0
Pape Souare,DF,8,0,0,0,0,0,0,0,0,0,0,0,3,0.2,1.1,0,0.1
Sullay Kaikai,MF,13,0,0,0,0,0,0,0,0,0,0,0,5,5.2,0.3,0,0.6
Olayinka Fredrick Oladotun Ladapo,FW,16,0,0,0,1,0,0,0,0,0,0,0,3,0.4,1.1,0,0.2
Levi Lumeka,MF,25,0,0,0,0,0,0,0,0,0,0,0,3,4.2,0.5,18,2.3
Damien Delaney,DF,95,0,0,0,5,0,0,0,0,0,0,0,19,40,0.3,0,4
Chung-yong Lee,MF,131,0,0,0,3,0,0,0,0,0,0,0,23,4.4,32,10,4.6
Alexander Sorloth,FW,360,0,0,0,9,0,0,0,0,0,0,0,25,48.6,74,102,22.5
Jairo Riedewald,DF,435,0,0,2,6,0,0,0,0,0,0,0,100,74.4,21.5,12,10.6
Bakary Sako,MF,466,3,0,1,10,0,0,0,0,0,0,1,115,143.2,103.1,227,46.9
Jason Puncheon,MF,574,0,0,0,14,0,0,0,5,0,0,0,38,46.4,93.9,112,25.1
Aaron Wan-Bissaka,MF,627,0,0,2,10,0,0,0,1,0,0,0,116,207.2,60,2,26.8
Julian Speroni,GK,990,0,0,2,14,0,0,0,0,0,30,3,175,213.6,0,0,21.3
Martin Kelly,DF,1193,0,0,4,21,1,0,0,1,0,0,1,185,222.6,25.7,84,33.3
Scott Dann,DF,1434,1,0,1,26,0,0,0,4,0,0,0,211,342.2,62.3,268,67
Timothy Fosu-Mensah,DF,1592,0,0,2,29,0,0,0,2,0,0,3,279,326.6,103.7,43,47.4
Mamadou Sakho,DF,1597,1,2,6,23,0,0,0,1,0,0,18,405,426.2,30.7,77,53.6
Joel Ward,DF,1613,0,1,4,25,1,0,0,4,0,0,0,276,340.6,163.5,58,56.3
Jeffrey Schlupp,DF,1742,0,2,3,30,0,0,0,3,0,0,0,281,339.6,189.7,155,68.6
Ruben Loftus-Cheek,MF,1871,2,5,6,30,0,0,0,1,0,0,2,337,379.2,377,487,124.5
Patrick van Aanholt,DF,2182,5,1,6,38,0,0,0,7,0,0,7,448,537,303.8,319,116.3
Christian Benteke,FW,2234,3,7,6,36,0,0,1,6,0,0,5,174,325.2,406.7,845,157.5
Yohan Cabaye,MF,2374,0,4,8,36,0,0,0,7,0,0,3,415,431.2,754,348,153.5
James Tomkins,DF,2386,3,0,9,32,0,0,0,8,0,0,9,512,712.6,22.4,309,104.7
James McArthur,MF,2425,5,2,7,35,0,0,0,5,0,0,9,416,490.6,333,566,138.9
Wayne Hennessey,GK,2430,0,0,7,41,0,0,0,1,0,91,11,506,603.8,10,0,61.4
Wilfried Zaha,MF,2549,9,7,10,31,0,0,0,5,0,0,8,404,668,716.9,1125,251
Luka Milivojevic,MF,3079,10,2,8,52,0,0,1,8,0,0,21,630,873.8,379,432,168.6
Andros Townsend,MF,3120,2,9,9,48,0,0,0,3,0,0,7,552,626,1012.1,587,222.8
Jonathan Leko,MF,0,0,0,0,0,0,0,0,0,0,0,0,0,0,0,0,0
Kane Wilson,DF,0,0,0,0,0,0,0,0,0,0,0,0,0,0,0,0,0
Alex Palmer,GK,0,0,0,0,0,0,0,0,0,0,0,0,0,0,0,0,0
Max Melbourne,DF,0,0,0,0,0,0,0,0,0,0,0,0,0,0,0,0,0
Rayhaan Tulloch,FW,0,0,0,0,0,0,0,0,0,0,0,0,0,0,0,0,0
Nathan Ferguson,DF,0,0,0,0,0,0,0,0,0,0,0,0,0,0,0,0,0
Ali Gabr,DF,0,0,0,0,0,0,0,0,0,0,0,0,0,0,0,0,0
Kyle Jameson,DF,0,0,0,0,0,0,0,0,0,0,0,0,0,0,0,0,0
Rekeem Harper,MF,20,0,0,0,0,0,0,0,0,0,0,0,6,6.6,20.4,0,2.7
Boaz Myhill,GK,90,0,0,0,1,0,0,0,1,0,2,0,7,12.2,0,0,1.2
James Morrison,MF,205,1,0,2,1,0,0,0,0,0,0,0,35,56,40.4,47,14.5
Nacer Chadli,MF,213,1,0,1,4,0,0,0,1,0,0,3,38,44.4,26.4,35,10.6
Oliver Burke,MF,356,0,2,0,11,0,0,0,0,0,0,0,75,77.4,73.9,75,22.5
Gareth McAuley,DF,454,0,0,0,15,0,0,0,0,0,0,0,73,85.4,4.9,2,9.3
Sam Field,MF,534,1,0,4,7,0,0,0,3,0,0,2,70,102.4,64.8,95,26.3
Daniel Sturridge,FW,541,2,1,3,8,0,0,0,0,0,0,0,131,136.2,205.3,304,64.5
Hal Robson-Kanu,FW,816,2,0,4,14,0,0,0,2,1,0,1,83,121.2,115.9,264,49.5
Claudio Yacob,MF,898,0,0,3,17,0,0,0,5,0,0,0,124,142.8,29.1,59,23.2
James McClean,MF,1391,1,0,6,20,1,0,0,7,0,0,1,153,237.4,299,279,80.2
Grzegorz Krychowiak,MF,1634,0,3,4,30,0,0,0,2,0,0,4,249,271.8,220.9,91,58.4
Chris Brunt,MF,1917,0,8,9,23,0,0,0,5,0,0,6,380,421.8,651.1,155,122.9
Gareth Barry,MF,1921,1,2,4,35,0,0,0,4,0,0,0,287,347.8,274.9,195,82
Matt Phillips,MF,2087,2,3,10,32,0,0,0,3,0,0,3,276,370.2,531.8,345,124.7
Jonny Evans,DF,2269,2,2,6,38,1,0,0,7,0,0,5,455,536.2,104.2,211,85.1
Allan-Romeo Nyom,DF,2306,0,1,7,40,0,0,0,7,0,0,6,407,454.6,266.7,23,74.3
Craig Dawson,DF,2510,2,1,8,39,0,0,0,6,0,0,4,453,629.6,181.3,298,111.2
Jake Livermore,MF,2671,2,2,8,41,0,0,0,5,0,0,6,375,454.6,313.1,207,97.8
Salomon Rondon,FW,2765,7,3,6,48,0,0,0,4,0,0,5,271,431.2,387.2,891,169.6
Jay Rodriguez,FW,2807,7,1,10,41,0,0,0,2,0,0,11,335,460.4,329.8,931,171.1
Kieran Gibbs,DF,2826,0,2,8,44,0,0,0,3,0,0,2,483,484.6,359.6,131,97.7
Ben Foster,GK,3330,0,0,10,55,0,0,0,2,0,99,11,635,716.8,20,0,73.8
Ahmed El-Sayed Hegazi,DF,3386,2,0,10,55,0,0,0,4,0,0,11,646,962.8,99.5,196,126.1
Niki Maenpaa,GK,0,0,0,0,0,0,0,0,0,0,0,0,0,0,0,0,0
Steve Sidwell,MF,0,0,0,0,0,0,0,0,0,0,0,0,0,0,0,0,0
Jiri Skalak,MF,0,0,0,0,0,0,0,0,0,0,0,0,0,0,0,0,0
Oliver Norwood,MF,0,0,0,0,0,0,0,0,0,0,0,0,0,0,0,0,0
Tim Krul,GK,0,0,0,0,0,0,0,0,0,0,0,0,0,0,0,0,0
Jayson Molumby,MF,0,0,0,0,0,0,0,0,0,0,0,0,0,0,0,0,0
Uwe Hunemeier,DF,17,0,0,0,1,0,0,0,0,0,0,0,5,7,0.3,2,0.9
Sam Baldock,FW,30,0,0,0,1,0,0,0,0,0,0,0,4,0.4,0.8,6,0.7
Liam Rosenior,DF,163,0,0,0,3,0,0,0,0,0,0,0,22,28.8,4.7,2,3.6
Jamie Murphy,MF,166,0,0,0,4,0,0,0,0,0,0,0,25,11.8,15.5,24,5.1
Connor Goldson,DF,199,0,0,1,5,0,0,0,1,0,0,0,36,40.4,3.5,55,9.9
Jurgen Locadia,FW,221,1,1,1,8,0,0,0,0,0,0,2,47,50.4,24.6,89,15.8
Leonardo Ulloa,FW,279,1,0,1,4,0,0,0,0,0,0,0,66,68,94.2,66,22.7
Isaiah Brown,MF,302,0,0,0,8,0,0,0,0,0,0,0,60,33.2,86.2,25,14.5
Beram Kayal,MF,735,0,0,1,14,0,0,0,2,0,0,0,115,111.2,137,48,29.6
Tomer Hemed,FW,842,2,2,3,8,0,0,0,0,0,0,5,110,152,66.1,227,44.2
Markus Suttner,DF,1178,0,0,4,18,0,0,0,0,0,0,3,204,187.4,105.6,17,30.8
Ezequiel Schelotto,DF,1313,0,0,0,30,0,0,0,3,0,0,0,183,210,99.2,73,38.2
Solomon March,MF,1838,1,3,6,29,0,0,0,3,0,0,3,303,357.4,320.9,316,99.8
Jose Heriberto Izquierdo Mena,MF,1976,5,5,5,32,0,0,0,2,0,0,4,324,385.4,311.3,618,131.3
Bruno Saltor Grau,DF,2014,0,0,10,23,0,0,0,3,0,0,8,423,360.4,174.1,35,57.2
Glenn Murray,FW,2184,12,0,8,36,0,0,2,9,0,0,16,319,492.4,271.8,779,153.1
Gaetan Bong,DF,2237,0,0,6,36,1,0,0,2,0,0,5,369,346.2,154.6,18,52.1
Anthony Knockaert,MF,2415,3,1,11,29,0,0,0,4,1,0,6,383,404,557.2,530,149.1
Pascal Gross,MF,2928,7,8,10,46,0,0,0,2,0,0,24,635,735.4,1311,527,257.6
Davy Propper,MF,3118,0,4,9,50,0,0,0,2,1,0,1,446,535.8,297.1,255,108.9
Dale Stephens,MF,3240,0,3,10,50,0,0,0,6,0,0,2,550,625.8,272.5,176,107.7
Shane Duffy,DF,3292,0,2,10,52,0,0,0,8,0,0,7,614,1027.6,98.9,361,148.9
Mathew Ryan,GK,3420,0,0,10,54,0,2,0,0,0,124,13,726,911.6,0,0,91.1
Lewis Dunk,DF,3420,1,1,10,54,4,0,0,7,0,0,7,637,1002.8,147.8,425,157.9
Joel Coleman,GK,0,0,0,0,0,0,0,0,0,0,0,0,0,0,0,0,0
Jon Gorenc Stankovic,DF,0,0,0,0,0,0,0,0,0,0,0,0,0,0,0,0,0
Mark Hudson,DF,0,0,0,0,0,0,0,0,0,0,0,0,0,0,0,0,0
Jack Payne,MF,0,0,0,0,0,0,0,0,0,0,0,0,0,0,0,0,0
Harry Bunn,MF,0,0,0,0,0,0,0,0,0,0,0,0,0,0,0,0,0
Sean Scannell,MF,0,0,0,0,0,0,0,0,0,0,0,0,0,0,0,0,0
Robert Green,GK,0,0,0,0,0,0,0,0,0,0,0,0,0,0,0,0,0
Michael Hefele,DF,32,0,0,0,1,0,0,0,1,0,0,0,1,4,0.1,0,0.4
Dean Whitehead,MF,68,0,0,0,3,0,0,0,0,0,0,0,16,6.6,1.1,0,0.8
Martin Cranie,DF,179,0,0,0,7,0,0,0,0,0,0,0,35,44,1.7,2,4.7
Joe Lolley,MF,217,1,0,0,5,0,0,0,1,0,0,0,28,50.6,20,47,11.8
Abdelhamid Sabiri,MF,217,0,1,1,5,0,0,0,1,0,0,0,30,30.8,40.6,53,12.4
Philip Billing,MF,755,0,0,3,11,0,0,0,3,0,0,0,98,111.4,58.6,26,19.3
Alex Pritchard,MF,997,1,2,3,12,0,0,0,1,0,0,3,168,173.6,300.3,213,68.7
Terence Kongolo,DF,1047,0,0,2,14,0,0,0,0,0,0,2,182,268,52.2,47,36.7
Scott Malone,DF,1110,0,1,3,23,0,0,0,3,0,0,4,211,221.6,146.8,97,46.5
Danny Williams,MF,1115,0,0,0,22,0,0,0,2,0,0,0,134,131.4,83,56,27
Collin Quaner,FW,1268,0,4,3,23,0,0,0,4,0,0,0,173,209,255.7,283,74.8
Elias Kachunga,MF,1327,1,1,6,23,0,0,0,1,0,0,0,151,151,152.1,246,54.5
Chris Lowe,DF,1585,0,0,7,26,0,0,0,1,0,0,0,321,266,125.5,39,43
Florent Hadergjonaj,DF,1670,0,1,4,28,0,0,0,3,0,0,5,274,310,381.8,95,78.8
Laurent Depoitre,FW,1807,6,2,4,34,0,0,0,1,0,0,14,283,352,191.4,451,99.6
Steve Mounie,FW,1849,7,2,6,32,0,0,0,2,0,0,12,269,377,270.7,600,124.5
Tommy Smith,DF,1902,0,1,5,31,0,0,0,7,0,0,2,311,322,251.6,50,62.8
Rajiv van La Parra,MF,2131,3,0,6,36,0,0,0,3,1,0,3,240,322.6,261.6,544,112.7
Jonathan Hogg,MF,2396,0,0,7,40,0,0,0,8,1,0,0,400,475,172.8,61,71.2
Tom Ince,MF,2450,2,1,7,39,0,0,0,0,0,0,3,269,253,331.3,794,138
Aaron Mooy,MF,3066,4,3,10,52,0,0,0,4,0,0,8,576,753.2,848.8,350,195.2
Christopher Schindler,DF,3264,0,2,9,53,0,0,0,6,1,0,15,692,928,107.1,149,119.1
Jonas Lossl,GK,3420,0,1,10,58,1,2,0,1,0,103,11,701,846.8,30,0,87.8
Mathias Jorgensen,DF,3420,0,3,10,58,0,0,0,6,0,0,9,623,768.6,123.6,169,106.2
Aleksandar Kolarov,DF,0,0,0,0,0,0,0,0,0,0,0,0,0,0,0,0,0
Fernando Francisco Reges,MF,0,0,0,0,0,0,0,0,0,0,0,0,0,0,0,0,0
Manuel Agudo Durán,MF,0,0,0,0,0,0,0,0,0,0,0,0,0,0,0,0,0
Oluwatosin Adarabioyo,DF,0,0,0,0,0,0,0,0,0,0,0,0,0,0,0,0,0
Lukas Nmecha,FW,14,0,0,0,0,0,0,0,0,0,0,0,4,0,3.1,0,0.3
Phil Foden,MF,45,0,1,0,1,0,0,0,0,0,0,0,31,29.2,32.1,10,7.1
Brahim Diaz,MF,50,0,0,0,1,0,0,0,0,0,0,0,14,6.8,5.6,53,6.6
Claudio Bravo,GK,224,0,0,1,1,0,0,0,0,0,4,1,42,45.2,0,0,4.5
Gnegneri Yaya Toure,MF,227,0,2,0,2,0,0,0,1,0,0,0,99,105,122.6,72,29.8
Benjamin Mendy,DF,360,0,1,2,1,0,0,0,2,0,0,1,96,84.2,139.3,48,27.2
Oleksandr Zinchenko,MF,530,0,0,3,3,0,0,0,1,0,0,0,104,116.4,145.9,21,28.3
Aymeric Laporte,DF,806,0,0,4,5,0,0,0,1,0,0,2,204,165.8,52.8,34,25.4
John Stones,DF,1301,0,0,9,11,0,0,0,0,0,0,5,334,283.4,26.3,120,43.2
Danilo Luiz da Silva,DF,1340,3,2,9,11,0,0,0,2,0,0,8,398,376,158.1,176,71.1
Vincent Kompany,DF,1394,1,1,6,11,0,0,0,6,0,0,2,326,399.6,76.5,116,59.2
Ilkay Gundogan,MF,1504,4,2,6,15,0,0,0,3,0,0,9,376,381.4,406.4,408,119.3
Bernardo Mota Veiga de Carvalho e Silva,MF,1514,6,5,9,10,0,0,0,0,0,0,8,440,475.6,508.7,464,144.4
Gabriel Fernando de Jesus,FW,1660,13,7,9,12,0,0,2,6,0,0,18,473,603.6,360.3,1089,204.9
Fabian Delph,MF,1740,1,2,6,17,0,0,0,2,0,0,0,398,369.2,263.7,62,69.4
Sergio Aguero,FW,1960,21,6,13,12,0,0,0,2,0,0,22,740,966.4,570.8,1484,302.5
Leroy Sane,MF,2415,10,15,12,22,0,0,0,4,0,0,17,647,842.4,891.3,1013,274.4
David Silva,MF,2431,9,11,14,18,0,0,0,5,0,0,26,671,875.8,1118.5,867,286.5
Raheem Sterling,MF,2584,18,17,13,23,0,0,0,3,1,0,19,701,969.8,838.2,1488,329.7
Kyle Walker,DF,2784,0,6,15,22,1,0,0,2,1,0,8,691,542.4,511.4,117,117.1
Fernando Luiz Rosa,MF,2880,5,4,15,24,0,0,0,7,0,0,9,596,800.2,511.9,411,172.4
Nicolas Otamendi,DF,2966,4,0,15,25,1,0,0,9,0,0,21,742,846.6,224.6,363,143.7
Kevin De Bruyne,MF,3073,8,18,19,22,0,0,0,2,0,0,25,872,1146.6,1744.2,797,368.9
Ederson Santana de Moraes,GK,3195,0,0,16,26,0,2,0,1,0,58,10,666,546.2,10,0,55.6
Costel Pantilimon,GK,0,0,0,0,0,0,0,0,0,0,0,0,0,0,0,0,0
Brandon Mason,DF,0,0,0,0,0,0,0,0,0,0,0,0,0,0,0,0,0
Valon Behrami,MF,0,0,0,0,0,0,0,0,0,0,0,0,0,0,0,0,0
Steven Berghuis,MF,0,0,0,0,0,0,0,0,0,0,0,0,0,0,0,0,0
Isaac Success,MF,0,0,0,0,0,0,0,0,0,0,0,0,0,0,0,0,0
Mauro Zarate,FW,0,0,0,0,0,0,0,0,0,0,0,0,0,0,0,0,0
Michael Folivi,FW,0,0,0,0,0,0,0,0,0,0,0,0,0,0,0,0,0
Daniel Bachmann,GK,0,0,0,0,0,0,0,0,0,0,0,0,0,0,0,0,0
Carl Stewart,MF,0,0,0,0,0,0,0,0,0,0,0,0,0,0,0,0,0
Didier Ndong,MF,0,0,0,0,0,0,0,0,0,0,0,0,0,0,0,0,0
Joy Mukena,DF,0,0,0,0,0,0,0,0,0,0,0,0,0,0,0,0,0
Dodi Lukebakio,MF,15,0,0,0,1,0,0,0,0,0,0,0,5,6.6,24.7,5,3.6
Jerome Sinclair,FW,29,0,0,0,1,0,0,0,0,0,0,0,12,4.4,11,4,1.9
Younes Kaboul,DF,151,0,0,1,3,0,0,0,0,0,0,0,35,47.4,0.9,2,5
Nordin Amrabat,MF,198,0,0,1,3,0,0,0,0,0,0,0,11,22.8,46.5,10,8
Gerard Deulofeu,MF,433,1,1,2,3,0,0,0,0,0,0,3,87,92.4,141.3,124,35.8
Molla Wague,DF,438,1,0,1,8,0,0,0,0,0,0,0,82,98,5.6,41,14.5
Stefano Okaka,FW,442,1,1,2,9,0,0,0,2,0,0,1,52,74.4,92,145,29.8
Nathaniel Chalobah,MF,447,0,0,3,7,0,0,0,1,0,0,0,40,78.8,26.5,95,20
Ben Watson,MF,455,0,0,0,12,0,0,0,1,0,0,0,61,74.2,46.1,10,13.1
Craig Cathcart,DF,495,0,0,1,6,0,0,0,1,0,0,0,90,120,2,23,14.6
Miguel Britos,DF,795,1,0,2,16,0,0,0,3,1,0,0,149,180.4,42.7,51,27.3
Will Hughes,MF,987,2,3,4,16,0,0,0,0,0,0,5,190,238.6,267,136,64.3
Marvin Zeegelaar,DF,993,0,2,2,18,0,0,0,4,1,0,5,186,185.2,142.1,24,35.2
Orestis Karnezis,GK,1291,0,0,4,24,0,0,0,0,0,34,5,240,247.6,0,0,24.8
Andre Gray,FW,1486,5,3,5,30,0,0,0,1,0,0,4,237,251.2,254,594,108.2
André Carrillo,MF,1529,1,3,4,31,0,0,0,2,0,0,4,275,271.2,331.2,300,90.3
Etienne Capoue,MF,1537,1,1,4,29,0,0,0,3,0,0,0,262,280.2,165.9,150,59.7
Sebastian Prodl,DF,1566,0,0,5,29,0,0,0,5,0,0,0,267,276.4,25.9,89,39.3
Roberto Pereyra,MF,1610,5,3,1,34,0,0,0,3,0,0,5,299,346,370.6,472,118.8
Francisco Femenía Far,DF,1709,1,1,5,34,0,0,0,2,0,0,9,389,327.2,302.8,113,74.5
Daryl Janmaat,DF,1818,3,1,2,37,0,0,0,3,0,0,3,342,445,230.6,253,92.9
Troy Deeney,FW,1836,5,2,6,30,0,0,2,1,1,0,7,241,343,349.4,566,125.3
Tom Cleverley,MF,1900,1,2,6,33,0,0,1,1,1,0,3,300,332.2,464.8,124,92.1
Heurelho Gomes,GK,2128,0,0,5,40,0,0,0,0,0,61,4,394,457,0.2,0,45.6
Adrian Mariappa,DF,2206,0,0,6,43,0,0,0,4,0,0,2,378,462,59.4,106,62.8
Christian Kabasele,DF,2329,2,0,6,43,1,0,0,5,0,0,2,407,645,52,137,83.7
Jose Holebas,DF,2381,0,4,6,47,0,0,0,7,0,0,6,412,510,632.8,125,127
Richarlison de Andrade,MF,2817,5,8,8,54,0,0,0,4,0,0,4,304,497,384.7,1217,209.3
Abdoulaye Doucoure,MF,3324,7,4,9,63,0,0,0,10,0,0,16,679,859,595.8,537,199.7
Kristoffer Nordfeldt,GK,0,0,0,0,0,0,0,0,0,0,0,0,0,0,0,0,0
Stephen Kingsley,DF,0,0,0,0,0,0,0,0,0,0,0,0,0,0,0,0,0
Jefferson Montero,MF,0,0,0,0,0,0,0,0,0,0,0,0,0,0,0,0,0
Modou Barrow,MF,0,0,0,0,0,0,0,0,0,0,0,0,0,0,0,0,0
Joe Rodon,DF,0,0,0,0,0,0,0,0,0,0,0,0,0,0,0,0,0
Erwin Mulder,GK,0,0,0,0,0,0,0,0,0,0,0,0,0,0,0,0,0
Jay Fulton,MF,17,0,0,0,0,0,0,0,1,0,0,0,1,0.2,0.1,0,0
Angel Rangel,DF,154,0,0,0,3,0,0,0,0,0,0,0,28,24.2,22.1,2,4.8
Kyle Bartley,DF,233,0,0,0,4,0,0,0,2,0,0,0,29,75,21.2,16,11.2
Oliver McBurnie,FW,267,0,1,0,5,0,0,0,0,0,0,0,45,38.4,30.4,105,17.4
Connor Roberts,DF,267,0,0,0,4,0,0,0,0,0,0,0,41,26.2,12.8,2,4.1
Leon Britton,MF,301,0,0,3,1,0,0,0,1,0,0,0,38,18.4,8.5,4,3
Wayne Routledge,MF,420,0,0,1,11,0,0,0,1,0,0,0,57,56.6,95.7,76,22.6
Luciano Narsingh,MF,614,1,0,1,15,0,0,0,0,0,0,3,97,109.4,149.5,155,41.4
Renato Sanches,MF,699,0,0,2,10,0,0,0,1,0,0,0,83,71.8,135,64,27
Wilfried Bony,FW,701,2,1,2,8,0,0,0,2,0,0,3,103,119,70.6,211,39.3
Roque Mesa,MF,753,0,0,2,16,0,0,0,3,0,0,0,125,89,85.7,34,20.9
Andy King,MF,1247,3,1,1,26,0,0,0,2,0,0,1,225,239.8,116.9,204,56.2
Nathan Dyer,MF,1300,0,1,3,21,0,0,0,2,0,0,0,139,103.8,211.1,174,48.7
Leroy Fer,MF,1394,1,1,4,26,0,0,0,5,0,0,0,201,240.6,180,139,56
Tammy Abraham,FW,1715,5,3,4,31,0,0,0,0,0,0,11,238,269.2,182.6,693,114.2
Andre Ayew,MF,1834,3,5,3,42,0,0,1,5,0,0,2,249,319.4,283.1,429,102.7
Sung-yueng Ki,MF,1865,2,2,5,29,0,0,0,2,0,0,9,340,307.2,338.1,152,79.7
Mike van der Hoorn,DF,1944,1,0,8,27,0,0,0,4,0,0,4,396,460.6,72.6,160,69.4
Sam Clucas,MF,2039,3,1,5,30,0,0,0,2,0,0,4,305,362.4,270.1,233,86.2
Tom Carroll,MF,2562,0,4,7,39,0,0,0,3,0,0,6,431,452.8,748.6,172,137.5
Federico Fernandez,DF,2676,1,1,7,44,1,0,0,5,0,0,10,500,736,75.4,187,100
Jordan Ayew,FW,2850,7,2,7,49,0,0,0,2,1,0,12,382,562.2,350.4,944,185.8
Kyle Naughton,DF,3030,0,2,9,50,1,0,0,1,0,0,11,561,670.6,253.3,141,106.9
Martin Olsson,DF,3149,0,1,10,50,0,0,0,7,0,0,0,454,324.4,295.9,133,75.4
Lukasz Fabianski,GK,3420,0,0,9,56,0,3,0,0,0,137,14,772,1087.8,10,0,109.9
Alfie Mawson,DF,3420,2,1,9,56,0,0,0,3,0,0,7,662,848.4,86.4,254,119.4
Paul Robinson,GK,0,0,0,0,0,0,0,0,0,0,0,0,0,0,0,0,0
Dean Marney,MF,0,0,0,0,0,0,0,0,0,0,0,0,0,0,0,0,0
Adam Legzdins,GK,0,0,0,0,0,0,0,0,0,0,0,0,0,0,0,0,0
Anders Lindegaard,GK,0,0,0,0,0,0,0,0,0,0,0,0,0,0,0,0,0
Fredrik Ulvestad,MF,0,0,0,0,0,0,0,0,0,0,0,0,0,0,0,0,0
Aiden O'Neill,MF,0,0,0,0,0,0,0,0,0,0,0,0,0,0,0,0,0
Dwight McNeil,FW,1,0,0,0,0,0,0,0,0,0,0,0,3,0,0,0,0
Jonathan Walters,MF,36,0,0,0,2,0,0,0,0,0,0,0,3,1.2,0.7,12,1.1
Nahki Wells,FW,46,0,0,0,3,0,0,0,0,0,0,0,20,7.2,3.5,37,4.7
Georges-Kevin Nkoudou,MF,223,0,0,1,2,0,0,0,1,0,0,0,21,26,49.3,41,11.2
Tom Heaton,GK,305,0,0,0,4,0,0,0,0,0,8,0,48,53.4,0,0,5.3
Charlie Taylor,DF,949,0,0,2,12,0,0,0,3,0,0,0,132,184.2,86.8,4,27.5
Sam Vokes,FW,977,4,2,2,16,0,0,0,3,0,0,7,170,208.4,128,384,71.1
Ashley Westwood,MF,1105,0,1,2,17,0,0,0,2,0,0,1,189,182.4,134.8,90,40.7
Phil Bardsley,DF,1125,0,0,4,13,0,0,0,5,0,0,0,193,229.4,117.5,35,38.3
Robbie Brady,MF,1277,1,4,6,12,0,0,0,3,0,0,7,216,273.8,477.9,221,97.3
Scott Arfield,MF,1330,2,2,6,15,0,0,0,3,0,0,6,185,233.2,120.2,246,60.1
Kevin Long,DF,1440,1,2,4,21,1,0,0,1,0,0,6,282,460,64.8,220,74.5
Chris Wood,FW,1621,10,1,10,11,0,0,0,1,0,0,20,314,442,203.5,692,133.8
Aaron Lennon,MF,1906,0,4,6,30,0,0,0,2,0,0,0,204,232.2,203.2,297,73.3
Steven Defour,MF,1998,1,1,12,17,0,0,0,6,0,0,0,353,353.8,310.8,117,78.4
Ashley Barnes,FW,2150,9,0,5,23,0,0,0,10,0,0,9,290,407.2,274.8,797,145.8
Matthew Lowton,DF,2295,0,3,8,26,0,0,0,1,0,0,4,450,574.6,264.9,46,89
Jeff Hendrick,MF,2326,2,2,9,28,0,0,0,1,0,0,1,307,265.6,408.2,335,100.9
Stephen Ward,DF,2460,1,1,9,27,0,0,0,1,0,0,9,484,498.4,270.9,82,85.4
Ben Mee,DF,2610,0,0,9,27,0,0,0,5,0,0,6,491,748.6,74.5,349,117.3
James Tarkowski,DF,2790,0,1,11,30,0,0,0,5,0,0,4,539,822,98.4,253,117.8
Johann Berg Gudmundsson,MF,2831,2,9,10,33,0,0,0,2,0,0,7,467,599,1052,539,219.2
Nick Pope,GK,3114,0,0,11,35,0,1,0,3,0,113,19,701,862.4,40,0,90.1
Jack Cork,MF,3420,2,1,12,39,0,0,0,7,0,0,6,533,589.6,332.8,265,119
Artur Boruc,GK,0,0,0,0,0,0,0,0,0,0,0,0,0,0,0,0,0
Adam Federici,GK,0,0,0,0,0,0,0,0,0,0,0,0,0,0,0,0,0
Bradley Smith,DF,0,0,0,0,0,0,0,0,0,0,0,0,0,0,0,0,0
Max Gradel,MF,0,0,0,0,0,0,0,0,0,0,0,0,0,0,0,0,0
Aaron Ramsdale,GK,0,0,0,0,0,0,0,0,0,0,0,0,0,0,0,0,0
Connor Mahoney,MF,0,0,0,0,0,0,0,0,0,0,0,0,0,0,0,0,0
Matt Butcher,MF,0,0,0,0,0,0,0,0,0,0,0,0,0,0,0,0,0
Kyle Taylor,MF,0,0,0,0,0,0,0,0,0,0,0,0,0,0,0,0,0
Emerson Hyndman,MF,58,0,0,0,1,0,0,0,0,0,0,0,6,5,12.5,0,1.8
Jack Simpson,DF,71,0,0,0,2,0,0,0,0,0,0,0,10,6.2,0,0,0.6
Tyrone Mings,DF,201,0,0,0,5,0,0,0,1,0,0,0,40,46.6,14.8,10,7.2
Benik Afobe,FW,534,0,1,0,12,0,0,0,0,0,0,0,73,33.8,62.6,219,31.3
Lys Mousset,FW,581,2,0,1,16,0,0,0,1,0,0,3,106,120.4,69.5,252,43.9
Harry Arter,MF,959,1,0,3,13,0,0,0,4,0,0,0,156,146,76.1,69,29.2
Marc Pugh,MF,974,0,0,5,17,0,0,0,2,0,0,0,97,99.2,195.5,224,51.6
Jermain Defoe,FW,1075,4,2,2,21,0,0,0,1,0,0,5,191,209.4,144.9,539,88.9
Junior Stanislas,MF,1285,5,3,2,22,0,0,0,1,0,0,7,285,394.8,377.2,483,125.1
Andrew Surman,MF,1851,2,5,5,29,0,0,0,2,0,0,9,363,458,261.1,121,84
Dan Gosling,MF,1941,2,1,1,41,0,0,0,8,0,0,4,254,396.4,262.2,274,93.3
Callum Wilson,FW,1981,8,2,6,33,0,0,0,0,0,0,13,282,392.2,288.4,799,147.5
Jordon Ibe,MF,1988,2,6,4,33,0,0,0,1,0,0,5,289,362,602.7,610,157.3
Ryan Fraser,MF,2003,5,3,2,38,0,0,0,0,0,0,13,390,492.8,646.6,413,155
Adam Smith,DF,2067,1,3,2,38,0,0,0,6,0,0,3,376,455,345.5,144,94.5
Lewis Cook,MF,2234,0,2,3,42,0,0,0,5,0,0,0,337,456.4,423.3,126,100.7
Joshua King,FW,2450,8,4,7,38,0,0,0,3,0,0,10,381,577,556.7,902,203.7
Simon Francis,DF,2708,0,1,4,47,0,0,0,8,1,0,3,491,726.8,418.4,163,131
Steve Cook,DF,2764,2,1,5,53,1,0,0,5,0,0,9,495,870,65.6,271,120.6
Charlie Daniels,DF,3001,1,3,6,50,0,0,0,0,0,0,4,587,582.2,479.7,196,125.9
Nathan Ake,DF,3352,2,3,6,59,0,0,0,5,0,0,8,642,932.4,115.1,287,133.5
Asmir Begovic,GK,3420,0,0,6,61,0,1,0,2,0,111,6,631,790.8,20,0,80.8
Marc Muniesa,DF,0,0,0,0,0,0,0,0,0,0,0,0,0,0,0,0,0
Glenn Whelan,MF,0,0,0,0,0,0,0,0,0,0,0,0,0,0,0,0,0
Giannelli Imbula,MF,0,0,0,0,0,0,0,0,0,0,0,0,0,0,0,0,0
Harry Souttar,DF,0,0,0,0,0,0,0,0,0,0,0,0,0,0,0,0,0
Jakob Haugaard,GK,0,0,0,0,0,0,0,0,0,0,0,0,0,0,0,0,0
Julien Ngoy,FW,19,0,0,0,2,0,0,0,0,0,0,0,4,1,1.8,0,0.3
Bojan Krkic Perez,MF,71,0,0,0,1,0,0,0,0,0,0,0,5,0,13.3,6,1.9
Tyrese Campbell,FW,75,0,0,0,2,0,0,0,0,0,0,0,11,13,2.6,28,4.4
Lasse Sorenson,MF,75,0,1,0,1,0,0,0,0,0,0,0,27,29.6,25.4,0,5.5
Stephen Ireland,MF,128,0,0,0,4,0,0,0,1,0,0,0,13,14.4,17.8,11,4.3
Josh Tymon,DF,162,0,0,0,9,0,0,0,0,0,0,0,18,20.4,4.9,0,2.5
Ibrahim Afellay,MF,162,0,0,0,9,0,0,0,1,0,0,0,29,12.6,5.5,0,1.8
Lee Grant,GK,270,0,0,0,7,0,0,0,0,0,8,0,44,64.2,0,0,6.3
Konstantinos Stafylidis,DF,334,0,0,0,6,0,0,0,0,0,0,0,38,68.2,23.8,18,11
Charlie Adam,MF,405,0,0,2,9,0,0,1,2,1,0,0,57,73.2,114.4,84,27.1
Thomas Edwards,DF,481,0,0,0,15,0,0,0,0,0,0,0,81,93.4,23,10,12.7
Saido Berahino,FW,483,0,1,2,13,0,0,1,0,0,0,0,42,40.4,51.8,149,23.7
Glen Johnson,DF,546,0,0,0,14,0,0,0,3,0,0,0,70,86.6,56.8,41,18.4
Jese Rodríguez Ruiz,MF,609,1,1,1,17,0,0,0,0,0,0,2,93,110.4,127.7,171,40.8
Papa Alioune Ndiaye,MF,1138,2,1,2,17,0,0,0,5,0,0,5,159,298.4,116.7,133,55
Ramadan Sobhi,MF,1227,2,1,2,30,0,0,0,2,0,0,2,226,237.6,237.9,206,68.1
Bruno Martins Indi,DF,1242,0,0,1,28,0,0,0,3,0,0,0,171,241.8,48.3,60,35.1
Moritz Bauer,DF,1307,0,0,5,18,0,0,0,4,0,0,1,201,181.8,189.9,67,44
Kevin Wimmer,DF,1321,0,0,1,32,0,0,0,5,0,0,1,196,297,38.8,28,36.5
Geoff Cameron,DF,1522,0,0,2,30,0,0,0,2,0,0,0,220,265.4,77.2,46,39
Peter Crouch,FW,1551,5,2,2,27,0,0,0,4,0,0,6,225,289.2,321.2,390,99.9
Darren Fletcher,MF,2217,1,1,4,49,0,0,0,0,0,0,3,337,346.2,359.8,72,77.8
Eric Maxim Choupo-Moting,MF,2241,5,5,5,45,0,0,0,3,0,0,9,341,505.6,327.5,851,168.1
Ryan Shawcross,DF,2371,1,1,5,40,1,0,0,2,0,0,2,356,656,26.5,276,96
Mame Biram Diouf,FW,2592,6,3,8,49,0,0,0,6,0,0,8,350,482,285.4,832,159.6
Erik Pieters,DF,2717,0,1,7,50,0,0,0,5,0,0,1,456,567.4,247.2,58,87.3
Kurt Zouma,DF,2887,1,0,7,50,0,0,0,1,0,0,5,554,814.2,91.8,235,114.4
Xherdan Shaqiri,MF,3039,8,9,6,58,0,0,1,5,0,0,19,554,718,1151.6,676,255.2
Joe Allen,MF,3139,2,6,6,55,0,0,0,8,0,0,12,527,691.8,512.3,339,154.3
Jack Butland,GK,3150,0,0,6,61,1,0,0,0,0,145,16,687,1013.4,10,0,102.5
