ID,Full Name,Team,Position,Total Points,Points Per Game,Minutes,Goals Scored,Assists,Clean Sheets,Goals Conceded,Own Goals,Penalties Saved,Penalties Missed,Yellow Cards,Red Cards,Saves,Bonus Points,Bonus Point System Score,Influence,Creativity,Threat,ICT Index,
262,Joel Dinis Castro Pereira,1,GK,0,0,0,0,0,0,0,0,0,0,0,0,0,0,0,0,0,0,0,    
476,Andreas Pereira,1,MF,0,0,0,0,0,0,0,0,0,0,0,0,0,0,0,0,0,0,0,    
272,Axel Tuanzebe,1,DF,1,1,1,0,0,0,0,0,0,0,0,0,0,0,3,0,0,0,0,    
261,Sergio Romero,1,GK,7,7,90,0,0,1,0,0,0,0,0,0,3,0,26,26.4,0,0,2.6,    
523,Zlatan Ibrahimovic,1,FW,5,1,102,0,0,0,2,0,0,0,0,0,0,0,18,14.8,43.5,68,12.6,    
276,Michael Carrick,1,MF,4,2,108,0,0,1,0,0,0,0,0,0,0,0,19,23.2,13.7,41,7.8,    
270,Daley Blind,1,DF,28,4,360,0,0,4,0,0,0,0,0,0,0,1,119,65.8,93,15,17.3,    
268,Matteo Darmian,1,DF,27,3.4,443,0,0,3,3,0,0,0,0,0,0,3,119,95,25.3,6,12.6,    
275,Marouane Fellaini,1,MF,47,2.9,611,4,0,4,1,0,0,0,1,0,0,3,171,246,88.2,264,59.8,    
283,Scott McTominay,1,MF,21,1.6,629,0,0,4,3,0,0,0,2,0,0,0,96,78.2,53.6,11,14.2,    
266,Marcos Rojo,1,DF,23,2.6,639,0,0,3,8,0,0,0,6,0,0,4,126,151.4,26,47,22.5,    
265,Luke Shaw,1,DF,48,4.4,787,0,0,7,2,0,0,0,2,0,0,4,216,142.6,127,144,41.5,    
271,Eric Bailly,1,DF,55,4.2,1000,1,0,7,6,1,0,0,2,0,0,3,248,222,28.4,79,33,    
278,Ander Herrera,1,MF,44,1.7,1257,0,2,5,14,0,0,0,5,0,0,0,229,294.4,229.4,101,62.7,    
273,Victor Lindelöf,1,DF,47,2.8,1284,0,0,5,14,0,0,0,1,0,0,1,297,272.8,37.7,8,32,    
280,Anthony Martial,1,MF,125,4.2,1572,9,6,9,13,0,0,0,1,0,0,7,403,535.4,509.3,748,179.5,    
284,Marcus Rashford,1,FW,104,3,1799,7,5,10,16,0,0,0,3,0,0,11,387,470.8,412.1,838,171.7,    
279,Jesse Lingard,1,MF,128,3.9,1807,8,6,9,18,0,0,0,2,0,0,10,450,526.6,519.1,711,175.3,    
274,Juan Mata,1,MF,100,3.6,1919,3,5,15,10,0,0,0,1,0,0,6,418,422.8,849.9,453,172.1,    
264,Phil Jones,1,DF,116,5,1973,0,0,15,11,1,0,0,2,0,0,19,554,486.4,36.6,12,53.6,    
282,Paul Pogba,1,MF,138,5.1,2145,6,13,11,20,0,0,0,5,1,0,15,528,710.8,663.5,780,215.6,    
277,Ashley Young,1,MF,98,3.3,2444,2,6,9,26,0,0,0,7,0,0,11,479,601.2,502.3,213,131.6,    
263,Chris Smalling,1,DF,123,4.2,2535,4,0,11,24,0,0,0,4,0,0,9,590,743.8,35.3,230,101.2,    
14,Alexis Sánchez,1,MF,152,4.9,2546,9,10,11,32,0,0,1,5,0,0,13,515,823.2,1155.2,1281,326.1,    
267,Antonio Valencia,1,DF,146,4.7,2741,3,1,16,22,0,0,0,7,0,0,13,660,559.2,438.5,259,125.5,    
285,Romelu Lukaku,1,FW,162,4.8,2866,16,7,14,26,0,0,1,4,0,0,18,593,831,572.4,1334,273.2,    
107,Nemanja Matic,1,MF,91,2.5,3117,1,1,16,26,0,0,0,6,0,0,3,576,681.4,427.9,168,127.9,    
260,David De Gea,1,GK,172,4.6,3330,0,0,18,28,0,0,0,0,0,115,10,757,821.2,10,0,83.4,    
3,Damian Emiliano Martinez,3,GK,0,0,0,0,0,0,0,0,0,0,0,0,0,0,0,0,0,0,0,    
6,Gabriel Armando de Abreu,3,DF,0,0,0,0,0,0,0,0,0,0,0,0,0,0,0,0,0,0,0,    
9,Carl Jenkinson,3,DF,0,0,0,0,0,0,0,0,0,0,0,0,0,0,0,0,0,0,0,    
17,Santiago Cazorla,3,MF,0,0,0,0,0,0,0,0,0,0,0,0,0,0,0,0,0,0,0,    
27,Lucas Pérez,3,FW,0,0,0,0,0,0,0,0,0,0,0,0,0,0,0,0,0,0,0,    
559,Matt Macey,3,GK,0,0,0,0,0,0,0,0,0,0,0,0,0,0,0,0,0,0,0,    
564,Mathieu Debuchy,3,DF,0,0,0,0,0,0,0,0,0,0,0,0,0,0,0,0,0,0,0,    
644,Jordi Osei-Tutu,3,DF,0,0,0,0,0,0,0,0,0,0,0,0,0,0,0,0,0,0,0,    
560,Edward Nketiah,3,FW,3,1,17,0,0,0,1,0,0,0,0,0,0,0,10,5,1.9,17,2.3,    
634,Joseph Willock,3,MF,3,1.5,81,0,0,0,2,0,0,0,0,0,0,0,8,8.2,5.8,4,1.8,    
489,Reiss Nelson,3,MF,5,1.7,144,0,0,0,3,0,0,0,0,0,0,0,23,12,29.7,11,5.3,    
20,Francis Coquelin,3,MF,7,1,164,0,0,0,6,0,0,0,0,0,0,0,35,22.2,16.9,8,4.8,    
595,Konstantinos Mavropanos,3,DF,4,1.3,194,0,0,1,5,0,0,0,0,1,0,0,41,52.2,1.3,2,5.5,    
5,Per Mertesacker,3,DF,16,2.7,364,1,0,0,7,0,0,0,0,0,0,2,81,119.6,3,38,16.1,    
1,David Ospina,3,GK,19,3.8,380,0,0,2,3,0,0,0,0,0,9,1,86,75.8,0,0,7.7,    
11,Rob Holding,3,DF,27,2.3,819,0,1,3,17,0,0,0,3,0,0,1,196,212.2,39.3,24,27.5,    
480,Calum Chambers,3,DF,23,1.9,864,0,0,2,14,0,0,0,1,0,0,0,171,227.8,40,134,40.2,    
22,Mohamed Elneny,3,MF,22,1.7,865,0,1,3,12,0,0,0,3,1,0,0,156,138.2,194.4,92,42.5,    
546,Ainsley Maitland-Niles,3,MF,25,1.7,908,0,0,3,16,0,0,0,1,0,0,0,160,168.4,141.3,67,37.8,    
616,Pierre-Emerick Aubameyang,3,FW,87,6.7,1056,10,4,4,15,0,0,1,0,0,0,12,354,484,207.1,580,127.1,    
26,Danny Welbeck,3,FW,70,2.5,1178,5,2,4,21,0,0,0,1,0,0,6,249,309.8,212.8,435,96,    
24,Jack Wilshere,3,MF,46,2.3,1185,1,3,4,16,0,0,0,6,0,0,2,236,258.4,281.8,169,71,    
281,Henrikh Mkhitaryan,3,MF,107,4.1,1712,3,9,12,17,0,0,0,2,0,0,9,411,506.8,727.8,400,163.8,    
21,Alex Iwobi,3,MF,89,3.4,1827,3,5,9,26,0,0,0,1,0,0,2,426,430,592.9,635,165.6,    
18,Aaron Ramsey,3,MF,130,5.4,1844,7,10,9,25,0,0,0,0,0,0,12,503,631.2,478.3,734,184.2,    
13,Sead Kolasinac,3,DF,108,4,2146,2,4,10,30,0,0,0,3,0,0,6,510,443.2,334.9,404,118.3,    
16,Mesut Özil,3,MF,112,4.3,2161,4,9,8,36,0,0,0,4,0,0,11,506,640.6,1287.5,555,248.6,    
28,Alexandre Lacazette,3,FW,138,4.3,2197,14,5,10,28,0,0,0,1,0,0,11,543,725.6,566,1291,258,    
4,Laurent Koscielny,3,DF,100,4,2225,2,0,9,32,0,0,0,4,0,0,16,556,692,123.8,137,95.5,    
10,Nacho Monreal,3,DF,130,4.6,2241,5,2,10,29,0,0,0,3,0,0,15,604,693.6,238.7,305,124,    
12,Shkodran Mustafi,3,DF,109,4,2272,3,1,10,30,0,0,0,6,0,0,13,610,836.6,129.9,202,117,    
2,Petr Cech,3,GK,124,3.6,3039,0,0,11,48,0,1,0,1,0,90,7,627,722.4,0,0,71.9,    
7,Héctor Bellerín,3,DF,132,3.8,3050,2,4,12,44,0,0,0,5,0,0,11,656,554,561,484,160.1,    
23,Granit Xhaka,3,MF,109,2.9,3259,1,8,12,50,0,0,0,10,0,0,3,593,753.4,822.8,378,195.3,    
292,Grant Hanley,4,DF,0,0,0,0,0,0,0,0,0,0,0,0,0,0,0,0,0,0,0,    
297,Yoan Gouffran,4,MF,0,0,0,0,0,0,0,0,0,0,0,0,0,0,0,0,0,0,0,    
299,Jack Colback,4,MF,0,0,0,0,0,0,0,0,0,0,0,0,0,0,0,0,0,0,0,    
304,Daryl Murphy,4,FW,0,0,0,0,0,0,0,0,0,0,0,0,0,0,0,0,0,0,0,    
466,Siem de Jong,4,MF,0,0,0,0,0,0,0,0,0,0,0,0,0,0,0,0,0,0,0,    
529,Freddie Woodman,4,GK,0,0,0,0,0,0,0,0,0,0,0,0,0,0,0,0,0,0,0,    
465,Massadio Haidara,4,DF,1,1,3,0,0,0,0,0,0,0,0,0,0,0,3,0,0,0,0,    
516,Henri Saivet,4,MF,8,8,83,1,0,0,2,0,0,0,0,0,0,1,27,49.8,0.8,7,5.8,    
303,Aleksandar Mitrovic,4,FW,10,1.7,89,1,0,0,0,0,0,0,0,0,0,0,37,48.2,44.7,73,16.6,    
293,Jesús Gámez Duarte,4,DF,9,4.5,97,0,0,1,0,0,0,0,0,0,0,2,38,32.2,47.6,4,8.4,    
467,Rolando Aarons,4,MF,5,1.3,136,0,0,0,2,0,0,0,0,0,0,0,19,12,8.1,25,4.6,    
212,Islam Slimani,4,FW,25,1.6,369,1,1,1,4,0,0,0,1,0,0,1,76,83.2,100.8,115,29.6,    
494,Chancel Mbemba,4,DF,20,2.2,670,0,0,1,11,0,0,0,0,0,0,3,133,158.2,67.1,6,23.2,    
287,Karl Darlow,4,GK,33,3.3,900,0,0,2,15,1,0,0,0,0,35,2,172,258.8,0,0,25.9,    
110,Robert Kenedy Nunes do Nascimento,4,MF,51,3.9,1023,2,2,6,9,0,0,0,1,0,0,5,171,236.4,224.1,253,71.4,    
621,Martin Dubravka,4,GK,53,4.4,1080,0,0,4,11,0,1,0,0,0,26,5,215,234.6,0,0,23.3,    
478,Jacob Murphy,4,MF,51,2,1137,1,2,2,25,0,0,0,0,0,0,2,171,161.8,159.7,227,54.7,    
495,Mikel Merino,4,MF,49,2,1337,1,1,3,18,0,0,0,4,0,0,4,271,374.8,236.7,156,76.9,    
496,Isaac Hayden,4,MF,41,1.6,1365,1,0,3,25,0,0,0,7,0,0,0,171,273.6,164.7,144,58.2,    
286,Robert Elliot,4,GK,57,3.6,1440,0,0,3,21,0,1,0,0,0,44,4,280,364.2,0,0,36.5,    
291,Paul Dummett,4,DF,52,2.6,1602,0,0,5,18,0,0,0,1,0,0,0,280,333.6,97.8,58,49,    
488,Jose Luis Mato Sanmartín,4,FW,69,2.3,1703,4,1,5,25,0,0,1,2,0,0,5,227,291.2,254.8,526,106.5,    
289,Ciaran Clark,4,DF,64,3.2,1745,2,1,4,30,0,0,0,3,0,0,6,317,433.6,50.8,190,67.5,    
477,Javier Manquillo,4,DF,49,2.3,1757,0,1,4,31,0,0,0,2,0,0,1,247,266,164.8,26,45.9,    
300,Christian Atsu,4,MF,78,2.8,1776,2,4,6,22,0,0,0,1,0,0,5,236,308.8,340.6,480,112.9,    
301,Dwight Gayle,4,FW,94,2.7,1946,6,3,6,31,0,0,0,3,0,0,8,276,352,333.6,808,148.7,    
298,Mohamed Diamé,4,MF,70,2.3,2034,2,0,6,27,0,0,0,3,0,0,3,340,431.8,214.2,203,85.3,    
294,Florian Lejeune,4,DF,66,2.8,2103,0,2,5,32,0,0,0,3,0,0,6,406,557,92.3,139,78.9,    
296,Jonjo Shelvey,4,MF,73,2.4,2264,1,4,6,30,0,0,0,2,2,0,4,360,442.6,639.9,243,132.3,    
302,Ayoze Pérez,4,FW,124,3.4,2486,8,6,8,28,1,0,0,3,0,0,15,420,571.8,539,809,191.7,    
295,Matt Ritchie,4,MF,116,3.3,2802,3,7,9,35,0,0,0,6,0,0,10,489,561.2,844.4,520,192.6,    
288,DeAndre Yedlin,4,DF,88,2.6,2842,0,2,7,37,1,0,0,5,0,0,5,467,494.4,340.7,63,90,    
290,Jamaal Lascelles,4,DF,116,3.5,2927,3,0,9,31,0,0,0,5,0,0,9,567,800,77.2,234,111.5,    
511,Cameron Carter-Vickers,6,DF,0,0,0,0,0,0,0,0,0,0,0,0,0,0,0,0,0,0,0,    
531,Tashan Oakley-Boothe,6,MF,0,0,0,0,0,0,0,0,0,0,0,0,0,0,0,0,0,0,0,    
534,Juan Foyth,6,DF,0,0,0,0,0,0,0,0,0,0,0,0,0,0,0,0,0,0,0,    
566,Alfie Whiteman,6,GK,0,0,0,0,0,0,0,0,0,0,0,0,0,0,0,0,0,0,0,    
643,Kazaiah Sterling,6,FW,0,0,0,0,0,0,0,0,0,0,0,0,0,0,0,0,0,0,0,    
395,Vincent Janssen,6,FW,1,1,1,0,0,0,0,0,0,0,0,0,0,0,2,0,0,0,0,    
376,Michel Vorm,6,GK,3,3,90,0,0,0,1,0,0,0,0,0,4,0,17,19,0,0,1.9,    
565,Paulo Gazzaniga,6,GK,9,9,90,0,0,1,0,0,0,0,0,0,3,2,26,27.4,0,0,2.7,    
498,Kyle Walker-Peters,6,DF,13,4.3,188,0,2,1,4,0,0,0,0,0,0,0,73,70.4,48.3,10,12.9,    
617,Lucas Rodrigues Moura da Silva,6,MF,11,1.8,206,0,1,0,6,0,0,0,0,0,0,0,36,49,83.2,41,17.5,    
371,Fernando Llorente,6,FW,22,1.4,224,1,0,1,2,0,0,0,1,0,0,2,70,60.2,66.7,99,22.6,    
391,Harry Winks,6,MF,31,1.9,768,0,1,4,9,0,0,0,0,0,0,0,167,144.4,172.2,14,33.1,    
378,Danny Rose,6,DF,24,2.4,800,0,2,2,14,0,0,0,4,0,0,0,136,159.4,181.6,117,45.9,    
386,Erik Lamela,6,MF,55,2.2,826,2,4,4,12,0,0,0,4,0,0,1,186,204.8,283.1,364,84.7,    
389,Victor Wanyama,6,MF,32,1.8,837,1,0,2,11,0,0,0,2,0,0,1,174,206,96.8,77,37.8,    
377,Toby Alderweireld,6,DF,43,3.1,1177,0,0,5,13,0,0,0,3,0,0,3,247,249.2,67.8,50,36.8,    
393,Moussa Sissoko,6,MF,58,1.8,1385,1,1,7,18,0,0,0,3,0,0,0,246,245.8,384.7,281,91.1,    
532,Serge Aurier,6,DF,77,4.5,1427,2,2,6,13,0,0,0,1,1,0,9,335,367.2,236.5,209,81.4,    
385,Mousa Dembélé,6,MF,52,1.9,1875,0,0,7,22,0,0,0,6,0,0,3,358,309.2,303.1,73,68.5,    
382,Kieran Trippier,6,DF,113,4.7,1912,0,7,9,21,0,0,0,1,0,0,18,539,459,617.5,78,115.6,    
390,Heung-Min Son,6,MF,178,4.8,2292,12,8,14,18,0,0,0,0,0,0,16,544,725.8,588.2,1177,249.1,    
381,Ben Davies,6,DF,143,4.9,2323,2,7,12,20,0,0,0,3,0,0,14,615,610,698.8,201,151,    
520,Davinson Sánchez,6,DF,107,3.5,2532,0,0,13,21,1,0,0,1,1,0,8,597,598,74.8,89,76.2,    
384,Eric Dier,6,MF,85,2.5,2822,0,2,15,30,0,0,0,4,0,0,2,477,604.2,293.4,289,118.6,    
388,Bamidele Alli,6,MF,175,4.9,2957,9,13,16,28,0,0,0,7,0,0,12,565,775.2,878.5,934,258.8,    
394,Harry Kane,6,FW,217,5.9,3074,29,2,15,34,0,0,1,5,0,0,31,781,1214.4,502.1,2355,407.4,    
380,Jan Vertonghen,6,DF,138,3.8,3203,0,1,16,31,0,0,0,4,0,0,13,778,774.4,205.7,243,122.7,    
387,Christian Eriksen,6,MF,199,5.4,3218,11,10,17,33,0,0,0,0,0,0,23,826,1072.6,1487,1021,358.2,    
375,Hugo Lloris,6,GK,144,4,3240,0,0,15,35,0,0,0,1,0,87,6,694,726.4,0.1,0,72.3,    
95,Eduardo dos Reis Carvalho,8,GK,0,0,0,0,0,0,0,0,0,0,0,0,0,0,0,0,0,0,0,    
114,Diego Da Silva Costa,8,FW,0,0,0,0,0,0,0,0,0,0,0,0,0,0,0,0,0,0,0,    
503,Fikayo Tomori,8,DF,0,0,0,0,0,0,0,0,0,0,0,0,0,0,0,0,0,0,0,    
504,Kyle Scott,8,MF,0,0,0,0,0,0,0,0,0,0,0,0,0,0,0,0,0,0,0,    
600,Dujon Sterling,8,DF,0,0,0,0,0,0,0,0,0,0,0,0,0,0,0,0,0,0,0,    
632,Trevoh Chalobah,8,DF,0,0,0,0,0,0,0,0,0,0,0,0,0,0,0,0,0,0,0,    
558,Ethan Ampadu,8,MF,1,1,10,0,0,0,1,0,0,0,0,0,0,0,6,7.4,0,0,0.7,    
509,Jeremie Boga,8,MF,1,1,17,0,0,0,0,0,0,0,0,0,0,0,1,0,1,0,0,    
583,Callum Hudson-Odoi,8,MF,2,1,27,0,0,0,1,0,0,0,0,0,0,0,11,8.8,1.7,27,3.8,    
471,Charly Musonda,8,MF,6,2,35,0,1,0,0,0,0,0,0,0,0,0,15,20.6,18.5,14,5,    
149,Ross Barkley,8,MF,3,1.5,129,0,0,0,4,0,0,0,0,0,0,0,11,21,34.7,45,10.1,    
183,Kasey Palmer,8,MF,4,1,168,0,0,1,2,0,0,0,2,0,0,0,9,20,25.6,27,7.2,    
96,Willy Caballero,8,GK,11,3.7,270,0,0,1,4,0,0,0,0,0,7,0,54,55.2,0,0,5.5,    
614,Emerson Palmieri dos Santos,8,DF,14,2.8,278,0,1,1,4,0,0,0,0,0,0,0,68,61.8,28.7,48,13.8,    
113,Michy Batshuayi,8,FW,25,2.1,351,2,1,1,7,1,0,0,0,0,0,3,77,99.4,39,123,25.7,    
202,Daniel Drinkwater,8,MF,24,2,520,1,0,1,7,0,0,0,0,0,0,1,117,116.4,88.1,54,25.7,    
101,David Luiz Moreira Marinho,8,DF,32,3.2,838,1,2,3,13,0,0,0,3,1,0,0,186,210.2,22.3,65,29.6,    
25,Olivier Giroud,8,FW,77,2.7,981,7,1,5,11,0,0,0,0,0,0,10,273,307,311.1,673,129,    
543,Davide Zappacosta,8,DF,58,2.6,1087,1,1,5,15,0,0,0,0,0,0,1,226,255.2,245.3,329,82.6,    
109,Pedro Rodríguez Ledesma,8,MF,81,2.6,1511,4,2,8,14,0,0,0,1,0,0,2,272,338.4,410,498,124.6,    
106,Willian Borges Da Silva,8,MF,130,3.6,1874,6,8,9,19,0,0,0,1,0,0,13,522,640,891.5,715,224.5,    
472,Álvaro Morata,8,FW,122,3.9,2055,11,6,11,19,0,0,0,7,0,0,13,356,620.6,478.9,1192,228.8,    
470,Andreas Christensen,8,DF,79,2.9,2067,0,0,8,23,0,0,0,0,0,0,4,475,466.6,66.5,109,64.3,    
98,Gary Cahill,8,DF,74,2.7,2082,0,0,9,27,0,0,0,1,1,0,2,447,496.6,55.6,99,65.4,    
102,Victor Moses,8,DF,131,4.7,2109,3,6,11,20,0,0,0,3,0,0,9,486,417,358.1,482,125.9,    
463,Tiemoué Bakayoko,8,MF,77,2.7,2121,2,2,11,24,0,0,0,3,1,0,5,346,415.4,279.5,434,113.2,    
105,Cesc Fàbregas,8,MF,89,2.8,2300,2,4,11,26,0,0,0,4,1,0,7,539,713.8,1349.3,485,254.9,    
103,Antonio Rüdiger,8,DF,115,4.3,2336,2,1,12,22,0,0,0,4,0,0,8,557,546.6,83,217,84.8,    
104,Eden Hazard,8,MF,173,5.1,2417,12,6,12,27,0,0,0,2,0,0,24,699,928,1127.3,1115,317.3,    
100,Marcos Alonso,8,DF,165,5,2855,7,2,13,30,0,0,0,6,0,0,15,650,697.8,549.6,822,207.1,    
111,N'Golo Kanté,8,MF,101,3,2994,1,2,16,32,0,0,0,3,0,0,9,655,676,638.2,199,151.7,    
94,Thibaut Courtois,8,GK,136,3.9,3150,0,0,15,34,0,0,0,2,0,77,4,635,549,0,0,55.2,    
97,César Azpilicueta,8,DF,175,4.7,3330,2,6,15,38,1,0,0,1,0,0,25,913,967.4,535.7,168,167.5,    
136,Joel Robles,11,GK,0,0,0,0,0,0,0,0,0,0,0,0,0,0,0,0,0,0,0,    
137,Maarten Stekelenburg,11,GK,0,0,0,0,0,0,0,0,0,0,0,0,0,0,0,0,0,0,0,    
141,Matthew Pennington,11,DF,0,0,0,0,0,0,0,0,0,0,0,0,0,0,0,0,0,0,0,    
629,Luke Garbutt,11,DF,0,0,0,0,0,0,0,0,0,0,0,0,0,0,0,0,0,0,0,    
152,Muhamed Besic,11,MF,2,1,46,0,0,0,0,0,0,0,0,0,0,0,10,18.2,11.5,0,3,    
142,Ramiro Funes Mori,11,DF,3,0.8,119,0,0,0,2,0,0,0,1,0,0,0,14,29.2,0.9,6,3.6,    
148,Kevin Mirallas,11,MF,5,1,135,0,0,0,8,0,0,0,1,0,0,0,19,16.4,20.2,42,7.9,    
157,Ademola Lookman,11,MF,10,1.4,153,0,1,0,6,0,0,0,0,0,0,0,30,12,20.5,43,7.5,    
563,Beni Baningime,11,MF,7,0.9,192,0,0,0,2,0,0,0,1,0,0,0,20,9.4,3.8,0,1.3,    
150,James McCarthy,11,MF,6,1.5,204,0,0,0,6,0,0,0,0,0,0,0,41,33.8,19.3,4,5.8,    
158,Davy Klaassen,11,MF,7,1,248,0,0,0,6,0,0,0,0,0,0,0,18,23,33.7,28,8.3,    
160,Sandro Ramírez,11,FW,10,1.3,275,0,0,1,7,0,0,0,0,0,0,0,21,8.8,28.3,67,9.8,    
539,Nikola Vlasic,11,MF,18,1.5,572,0,0,1,12,0,0,0,0,0,0,0,80,91.8,159.1,85,33.6,    
502,Eliaquim Mangala,11,DF,22,2,617,0,0,2,7,0,0,0,0,0,0,0,118,113.8,19.9,32,16.8,    
147,Yannick Bolasie,11,MF,35,2.2,848,1,1,3,14,0,0,0,0,0,0,0,80,98.6,109,204,40.8,    
592,Cenk Tosun,11,FW,55,3.9,984,5,0,4,13,0,0,0,0,0,0,9,192,232.4,226.4,304,75.6,    
139,Seamus Coleman,11,DF,39,3.3,1035,0,1,4,12,0,0,0,0,0,0,0,198,227.6,113.7,69,41.2,    
548,Oumar Niasse,11,FW,83,3.8,1076,8,3,0,23,0,0,0,2,0,0,14,248,370.6,159.2,634,115.2,    
144,Mason Holgate,11,DF,37,2.5,1183,0,0,4,14,0,0,0,3,0,0,0,214,285.8,93.9,105,48.5,    
15,Theo Walcott,11,MF,62,3.1,1214,3,3,4,17,0,0,0,2,0,0,3,226,316.6,234.9,406,95.9,    
145,Jonjoe Kenny,11,DF,50,2.6,1589,0,2,5,31,0,0,0,2,0,0,2,309,362.4,184.5,47,59.5,    
143,Ashley Williams,11,DF,56,2.3,1830,1,0,5,31,0,0,0,3,1,0,3,332,518,39,132,68.9,    
464,Cuco Martina,11,DF,55,2.6,1830,0,2,5,30,0,0,0,2,0,0,0,367,468.8,238.8,39,74.9,    
159,Dominic Calvert-Lewin,11,FW,88,2.8,1871,4,8,6,28,0,0,0,4,0,0,3,255,354,322.6,630,130.2,    
156,Tom Davies,11,MF,66,2,1892,2,2,6,24,0,0,0,7,0,0,3,223,242.8,207.2,218,65.8,    
138,Leighton Baines,11,DF,82,3.7,1909,2,3,5,34,0,0,0,1,0,0,10,381,407.4,373.5,102,88.2,    
140,Phil Jagielka,11,DF,60,2.4,2063,0,0,6,39,0,0,0,2,0,0,5,415,529.2,24.1,108,66.2,    
154,Morgan Schneiderlin,11,MF,52,1.7,2124,0,0,6,38,0,0,0,4,1,0,1,344,361.2,159.2,52,57.2,    
359,Gylfi Sigurdsson,11,MF,96,3.6,2257,4,4,6,40,0,0,0,2,0,0,8,396,485.6,614.9,437,154,    
161,Wayne Rooney,11,FW,113,3.6,2265,10,3,7,33,0,0,3,5,0,0,20,480,585,573.7,467,162.4,    
146,Michael Keane,11,DF,81,2.7,2559,0,1,7,46,0,0,0,3,0,0,11,513,703.4,58.4,124,88.7,    
155,Idrissa Gueye,11,MF,87,2.6,2749,2,2,9,45,0,0,0,6,1,0,7,552,577,303.6,166,104.6,    
135,Jordan Pickford,11,GK,145,3.8,3420,0,0,10,58,0,1,0,0,0,121,16,724,873.6,30.1,4,90.7,    
194,Robert Huth,13,DF,0,0,0,0,0,0,0,0,0,0,0,0,0,0,0,0,0,0,0,    
205,Nampalys Mendy,13,MF,0,0,0,0,0,0,0,0,0,0,0,0,0,0,0,0,0,0,0,    
207,Ahmed Musa,13,MF,0,0,0,0,0,0,0,0,0,0,0,0,0,0,0,0,0,0,0,    
587,George Thomas,13,MF,0,0,0,0,0,0,0,0,0,0,0,0,0,0,0,0,0,0,0,    
645,Sam Hughes,13,DF,0,0,0,0,0,0,0,0,0,0,0,0,0,0,0,0,0,0,0,    
647,Layton Ndukwu,13,DF,0,0,0,0,0,0,0,0,0,0,0,0,0,0,0,0,0,0,0,    
642,Harvey Barnes,13,MF,3,1,8,0,0,0,0,0,0,0,0,0,0,0,8,0.2,1,6,0.6,    
195,Yohan Benalouane,13,DF,1,1,90,0,0,0,2,0,0,0,0,0,0,0,7,24.8,1.3,18,4.4,    
473,Eldin Jakupovic,13,GK,4,2,180,0,0,0,6,0,0,0,0,0,8,0,36,67.8,0,0,6.8,    
190,Ben Hamer,13,GK,9,2.3,274,0,0,1,7,0,0,0,0,0,6,0,54,51.8,0,0,5.1,    
571,Hamza Choudhury,13,MF,13,1.6,375,0,1,0,9,0,0,0,1,0,0,0,60,68,20.2,16,10.4,    
204,Daniel Amartey,13,MF,13,1.6,486,0,0,3,7,0,0,0,0,1,0,0,53,81.2,10.3,0,9.2,    
601,Fousseni Diabaté,13,FW,21,1.5,579,0,1,0,12,0,0,0,1,0,0,0,72,98.6,130.8,67,29.7,    
589,Adrien Sebastian Perruchet Silva,13,MF,23,1.9,760,0,2,1,18,0,0,0,3,0,0,0,128,133.2,120,65,31.8,    
541,Aleksandar Dragovic,13,DF,28,2.5,766,0,0,4,14,0,0,0,2,0,0,0,166,177.8,3.6,35,21.8,    
258,Kelechi Iheanacho,13,FW,54,2.6,818,3,4,1,17,0,0,0,2,0,0,5,171,214.2,185.6,350,74.5,    
474,Matty James,13,MF,26,2,991,0,0,4,15,0,0,0,2,0,0,0,121,114.6,52.7,145,31.4,    
211,Shinji Okazaki,13,FW,76,2.8,1314,6,3,5,19,0,0,0,2,0,0,7,275,347.6,228.1,508,107.9,    
208,Vicente Iborra,13,MF,58,3.1,1411,3,0,3,23,0,0,0,0,0,0,6,293,341.6,131.6,150,62.3,    
203,Demarai Gray,13,MF,80,2.3,1683,3,3,4,35,0,0,0,2,0,0,2,308,290.6,412.8,461,116.7,    
196,Benjamin Chilwell,13,DF,65,2.7,1848,0,2,6,30,0,0,0,1,1,0,4,381,382.8,332.1,63,78,    
192,Christian Fuchs,13,DF,57,2.3,1917,0,1,4,35,1,0,0,1,0,0,8,370,396.6,282.2,55,73.5,    
193,Danny Simpson,13,DF,55,2,2306,0,0,5,41,0,0,0,4,0,0,0,342,444.2,121.2,42,60.7,    
200,Marc Albrighton,13,MF,107,3.1,2533,2,8,8,42,0,0,0,5,1,0,12,458,580,718.3,300,160.2,    
191,Wes Morgan,13,DF,61,1.9,2817,0,0,5,52,0,0,0,4,0,0,1,390,530,62,158,75.1,    
206,Wilfred Ndidi,13,MF,78,2.4,2896,0,4,9,45,0,0,0,6,2,0,4,449,640.4,230.7,299,117.2,    
199,Riyad Mahrez,13,MF,195,5.4,2948,12,13,9,51,0,0,0,2,0,0,19,682,966,924,932,282.6,    
189,Kasper Schmeichel,13,GK,123,3.7,2965,0,0,8,47,1,2,0,3,0,93,17,592,687.2,11.1,0,69.9,    
209,Jamie Vardy,13,FW,183,4.9,3248,20,2,8,57,0,0,1,3,0,0,28,674,822.8,439.9,1222,248.6,    
198,Harry Maguire,13,DF,117,3.1,3420,2,4,9,60,0,0,0,7,0,0,10,716,955.8,254.3,478,168.8,    
224,Leiva Lucas,14,MF,0,0,0,0,0,0,0,0,0,0,0,0,0,0,0,0,0,0,0,    
229,Oluwaseyi Ojo,14,MF,0,0,0,0,0,0,0,0,0,0,0,0,0,0,0,0,0,0,0,    
514,Jon Flanagan,14,DF,0,0,0,0,0,0,0,0,0,0,0,0,0,0,0,0,0,0,0,    
530,Danny Ward,14,GK,0,0,0,0,0,0,0,0,0,0,0,0,0,0,0,0,0,0,0,    
639,Conor Masterson,14,DF,0,0,0,0,0,0,0,0,0,0,0,0,0,0,0,0,0,0,0,    
640,Curtis Jones,14,MF,0,0,0,0,0,0,0,0,0,0,0,0,0,0,0,0,0,0,0,    
641,Rafael Camacho,14,MF,0,0,0,0,0,0,0,0,0,0,0,0,0,0,0,0,0,0,0,    
233,Ben Woodburn,14,MF,1,1,6,0,0,0,0,0,0,0,0,0,0,0,3,0.4,2.3,2,0.5,    
238,Divock Origi,14,FW,1,1,9,0,0,0,1,0,0,0,0,0,0,0,3,0,0,0,0,    
231,Marko Grujic,14,MF,3,1,14,0,0,0,0,0,0,0,0,0,0,0,9,7.4,11.7,0,1.9,    
217,Nathaniel Clyne,14,DF,7,2.3,173,0,0,1,1,0,0,0,1,0,0,0,25,21.8,23.8,41,8.7,    
228,Adam Lallana,14,MF,13,1.1,234,0,0,1,1,0,0,0,1,0,0,0,37,32.6,113.4,128,27.3,    
237,Danny Ings,14,FW,18,2.3,262,1,1,3,0,0,0,0,0,0,0,0,53,57.8,42,143,24,    
239,Dominic Solanke,14,FW,38,1.8,581,1,2,3,4,0,0,0,0,0,0,2,107,123.8,199.4,350,66.4,    
226,Philippe Coutinho,14,MF,103,7.4,1109,7,7,5,14,0,0,0,0,0,0,15,381,550.4,624.4,519,169.4,    
216,Alberto Moreno,14,DF,52,3.3,1264,0,1,6,19,0,0,0,1,0,0,3,328,261.8,250.1,106,61.7,    
220,Ragnar Klavan,14,DF,78,4.1,1449,1,0,8,15,0,0,0,0,0,0,9,384,357.2,65,43,46.6,    
223,Trent Alexander-Arnold,14,DF,83,4.4,1573,1,2,8,17,0,0,0,3,0,0,10,385,358.2,399.2,142,90.1,    
213,Simon Mignolet,14,GK,67,3.5,1710,0,0,7,24,0,1,0,3,0,36,0,329,281,0,0,28,    
214,Loris Karius,14,GK,88,4.6,1710,0,0,10,14,0,1,0,1,0,31,5,382,280.6,0,0,27.9,    
19,Alex Oxlade-Chamberlain,14,MF,94,2.7,1718,3,7,5,28,0,0,0,3,0,0,5,423,548,625.1,494,166.5,    
222,James Milner,14,DF,77,2.4,1759,0,3,6,25,0,0,0,3,0,0,4,459,437.2,615.5,272,132.5,    
218,Joseph Gomez,14,DF,86,3.7,1901,0,2,9,22,0,0,0,3,0,0,9,480,437.4,285.6,46,76.9,    
475,Andrew Robertson,14,DF,111,5,1940,1,5,10,18,0,0,0,2,0,0,12,514,424,414.5,174,101.3,    
219,Joel Matip,14,DF,81,3.2,1995,1,0,9,27,0,0,0,3,0,0,3,470,544.8,96.1,140,78.1,    
227,Emre Can,14,MF,92,3.5,2089,3,6,8,29,0,0,0,8,0,0,10,499,546.4,426.4,231,120.6,    
215,Dejan Lovren,14,DF,110,3.8,2124,2,1,11,24,0,0,0,4,0,0,10,539,656.4,104.5,242,100.2,    
225,Jordan Henderson,14,MF,75,2.8,2169,1,1,14,21,0,0,0,1,0,0,3,382,417,448.8,110,97.8,    
230,Sadio Mané,14,MF,147,5.1,2189,10,8,15,24,0,0,0,3,1,0,8,499,677.4,739.1,964,238,    
311,Virgil van Dijk,14,DF,78,3,2253,0,0,8,28,0,0,0,1,0,0,5,481,601,122.6,277,100.2,    
232,Georginio Wijnaldum,14,MF,85,2.6,2381,1,2,15,23,0,0,0,1,0,0,1,406,341.8,356.2,399,109.9,    
235,Roberto Firmino,14,FW,181,4.9,2760,15,8,16,32,0,0,0,1,0,0,29,758,951,834.5,1341,312.7,    
234,Mohamed Salah,14,MF,303,8.4,2905,32,12,15,29,0,0,1,1,0,0,26,881,1496.2,942.5,2109,454.4,    
319,Jordy Clasie,20,MF,0,0,0,0,0,0,0,0,0,0,0,0,0,0,0,0,0,0,0,    
506,Stuart Taylor,20,GK,0,0,0,0,0,0,0,0,0,0,0,0,0,0,0,0,0,0,0,    
603,Michael Obafemi,20,FW,1,1,8,0,0,0,0,0,0,0,0,0,0,0,-1,0,1.3,4,0.3,    
314,Sam McQueen,20,DF,14,2,142,0,0,1,2,0,0,0,0,0,0,2,49,29.4,34.2,8,7.2,    
323,Joshua Sims,20,MF,8,1.3,160,0,0,1,2,0,0,0,0,0,0,0,18,32.6,43.5,149,22.5,    
309,Matt Targett,20,DF,2,1,166,0,0,0,6,0,0,0,0,0,0,0,35,42.2,38.6,0,8.1,    
312,Jérémy Pied,20,DF,7,3.5,180,0,1,0,3,0,0,0,0,0,0,1,47,65.8,29.9,4,10,    
315,Jan Bednarek,20,DF,22,4.4,427,1,0,2,5,0,0,0,1,0,0,0,88,110,1.9,19,13.1,    
607,Guido Carrillo,20,FW,15,2.1,449,0,1,1,8,0,0,0,0,0,0,0,40,50.2,64.2,179,29.4,    
326,Charlie Austin,20,FW,72,3,1024,7,1,4,15,0,0,0,2,0,0,9,215,302.8,89.4,689,107.7,    
327,Manolo Gabbiadini,20,FW,66,2.4,1067,5,0,4,17,0,0,0,2,0,0,10,204,203,133.9,269,58.6,    
322,Sofiane Boufal,20,MF,55,2.1,1206,2,2,1,24,0,0,0,1,0,0,2,215,289.4,351.6,397,103.7,    
316,Steven Davis,20,MF,71,3.1,1515,3,2,4,21,0,0,0,0,0,0,6,337,345.2,350.8,126,82.5,    
325,Shane Long,20,FW,53,1.8,1570,2,2,4,28,0,0,0,6,0,0,0,167,235.6,301.9,512,104.6,    
305,Alex McCarthy,20,GK,52,2.9,1620,0,0,4,26,0,0,0,2,0,42,3,278,280.8,0,0,28.1,    
321,Pierre-Emile Højbjerg,20,MF,39,1.7,1666,0,0,3,30,0,0,0,6,0,0,0,261,266.6,258.4,148,67.6,    
317,James Ward-Prowse,20,MF,84,2.8,1708,3,5,2,29,0,0,0,3,0,0,8,367,363.4,613.9,296,127.1,    
500,Mario Lemina,20,MF,58,2.3,1715,1,1,4,31,0,0,0,2,0,0,5,337,363.6,170.6,145,67.8,    
306,Fraser Forster,20,GK,73,3.6,1800,0,0,4,30,0,1,0,0,0,69,6,351,488.2,0,0,48.9,    
324,Nathan Redmond,20,MF,72,2.3,1938,1,3,7,31,0,0,0,3,0,0,3,296,347,630.9,493,147.2,    
313,Jack Stephens,20,DF,58,2.6,1980,2,0,5,33,0,0,0,6,1,0,2,360,506.6,68.3,224,79.9,    
308,Maya Yoshida,20,DF,76,3.2,2049,2,1,6,32,0,0,0,2,1,0,6,413,525.2,67,236,83,    
525,Wesley Hoedt,20,DF,74,2.6,2520,0,2,5,42,0,0,0,7,0,0,11,532,661.6,130.9,146,93.8,    
318,Dusan Tadic,20,MF,122,3.4,2791,6,3,10,43,0,0,0,4,0,0,10,464,588.6,950.9,656,219.5,    
310,Cédric Soares,20,DF,85,2.7,2794,0,3,7,44,0,0,0,3,0,0,2,481,507,455.6,159,112.3,    
320,Oriol Romeu Vidal,20,MF,68,2,2897,1,0,8,47,0,0,0,11,0,0,0,474,616.2,338.7,231,118.7,    
307,Ryan Bertrand,20,DF,103,2.9,3135,0,5,8,49,0,0,0,2,0,0,4,553,515.2,589.1,286,139.3,    
439,Darren Randolph,21,GK,0,0,0,0,0,0,0,0,0,0,0,0,0,0,0,0,0,0,0,    
448,Robert Snodgrass,21,MF,0,0,0,0,0,0,0,0,0,0,0,0,0,0,0,0,0,0,0,    
455,Sofiane Feghouli,21,MF,0,0,0,0,0,0,0,0,0,0,0,0,0,0,0,0,0,0,0,    
459,Ashley Fletcher,21,FW,0,0,0,0,0,0,0,0,0,0,0,0,0,0,0,0,0,0,0,    
460,Enner Valencia,21,FW,0,0,0,0,0,0,0,0,0,0,0,0,0,0,0,0,0,0,0,    
526,Sead Haksabanovic,21,MF,0,0,0,0,0,0,0,0,0,0,0,0,0,0,0,0,0,0,0,    
567,Antonio Martinez Lopez,21,FW,0,0,0,0,0,0,0,0,0,0,0,0,0,0,0,0,0,0,0,    
568,Domingos Quina,21,MF,0,0,0,0,0,0,0,0,0,0,0,0,0,0,0,0,0,0,0,    
573,Ben Johnson,21,MF,0,0,0,0,0,0,0,0,0,0,0,0,0,0,0,0,0,0,0,    
574,Nathan Trott,21,GK,0,0,0,0,0,0,0,0,0,0,0,0,0,0,0,0,0,0,0,    
580,Moses Makasi,21,MF,0,0,0,0,0,0,0,0,0,0,0,0,0,0,0,0,0,0,0,    
596,Reece Burke,21,DF,0,0,0,0,0,0,0,0,0,0,0,0,0,0,0,0,0,0,0,    
631,Marcus Browne,21,MF,0,0,0,0,0,0,0,0,0,0,0,0,0,0,0,0,0,0,0,    
635,Josh Pask,21,DF,0,0,0,0,0,0,0,0,0,0,0,0,0,0,0,0,0,0,0,    
636,Grady Diangana,21,MF,0,0,0,0,0,0,0,0,0,0,0,0,0,0,0,0,0,0,0,    
611,Reece Oxford,21,DF,1,1,4,0,0,0,0,0,0,0,0,0,0,0,2,3,0,0,0.3,    
597,Josh Cullen,21,MF,2,1,6,0,0,0,0,0,0,0,0,0,0,0,7,7.2,0.6,0,0.8,    
622,Jordan Hugill,21,FW,3,1,22,0,0,0,0,0,0,0,0,0,0,0,4,0,0.4,0,0,    
626,Patrice Evra,21,DF,2,0.4,227,0,0,0,10,0,0,0,0,0,0,0,32,42.8,6,0,5,    
445,Sam Byram,21,DF,5,1,246,0,0,0,7,0,0,0,1,0,0,0,41,71,37.6,36,14.5,    
458,Diafra Sakho,21,FW,24,1.7,294,2,1,0,11,0,0,0,2,0,0,1,65,77.6,25.1,110,21.2,    
440,Jose Fonte,21,DF,34,4.3,688,0,2,3,11,0,0,0,0,0,0,3,156,186.8,57.8,89,33.4,    
457,Andy Carroll,21,FW,36,2.3,742,3,1,3,13,0,0,0,5,1,0,6,106,145.4,110.2,344,58.8,    
456,Edimilson Fernandes,21,MF,29,2.1,840,0,2,2,20,0,0,0,1,0,0,0,123,110.8,97.3,77,28.6,    
608,João Mário Naval Costa Eduardo,21,MF,46,3.5,1021,2,1,4,14,0,0,0,0,0,0,5,170,176,294.9,191,66.1,    
441,James Collins,21,DF,36,2.8,1049,1,0,3,19,0,0,0,3,0,0,3,200,346,25.5,76,44.6,    
454,Michail Antonio,21,MF,62,3,1350,3,2,7,23,0,0,0,1,0,0,1,188,296.6,256.3,393,94.6,    
510,Declan Rice,21,DF,41,1.6,1421,0,0,3,29,0,0,0,1,0,0,0,280,310.4,35.7,29,37.5,    
442,Winston Reid,21,DF,42,2.5,1452,0,0,5,27,0,0,0,5,0,0,3,264,322.4,48.8,64,43.6,    
487,Javier Hernández Balcázar,21,FW,93,3.3,1537,8,2,6,36,0,0,0,3,0,0,14,309,373.6,312.4,476,115,    
452,Pedro Obiang,21,MF,54,2.6,1562,2,0,5,29,0,0,0,3,0,0,6,270,377.8,132.1,88,60.1,    
438,Adrián San Miguel del Castillo,21,GK,72,3.8,1710,0,0,6,29,0,0,0,2,0,69,5,374,470.4,0,0,47,    
479,Joe Hart,21,GK,59,3.1,1710,0,1,4,39,0,1,0,0,0,54,3,341,382.8,20,0,40.2,    
446,Arthur Masuaku,21,DF,68,2.5,1867,0,3,6,29,0,0,0,5,0,0,2,352,385,295.1,128,80.7,    
453,Manuel Lanzini,21,MF,106,3.9,2039,5,7,6,44,0,0,1,4,0,0,11,470,559.4,624.9,502,168.8,    
340,Marko Arnautovic,21,MF,144,4.6,2309,11,7,7,50,0,0,0,5,1,0,12,440,713.8,543,1155,241.1,    
450,Mark Noble,21,MF,84,2.9,2400,4,0,7,45,0,0,0,6,0,0,7,461,527.6,337.8,141,100.8,    
451,Cheikhou Kouyaté,21,MF,86,2.6,2798,2,3,7,56,0,0,0,5,0,0,2,367,480,262.4,320,106.1,    
444,Angelo Ogbonna,21,DF,77,2.4,2880,1,0,7,60,0,0,0,3,0,0,4,520,687.8,81.4,145,91.4,    
443,Aaron Cresswell,21,DF,118,3.3,3069,1,7,10,60,0,0,0,7,0,0,10,613,690.2,562.7,193,145,    
447,Pablo Zabaleta,21,DF,90,2.4,3289,0,1,10,62,1,0,0,9,0,0,6,563,635,293.7,77,100.7,    
133,Connor Wickham,31,FW,0,0,0,0,0,0,0,0,0,0,0,0,0,0,0,0,0,0,0,    
491,Jason Lokilo,31,MF,0,0,0,0,0,0,0,0,0,0,0,0,0,0,0,0,0,0,0,    
528,Keshi Anderson,31,FW,0,0,0,0,0,0,0,0,0,0,0,0,0,0,0,0,0,0,0,    
552,Jordon Mutch,31,MF,0,0,0,0,0,0,0,0,0,0,0,0,0,0,0,0,0,0,0,    
555,Dion Henry,31,GK,0,0,0,0,0,0,0,0,0,0,0,0,0,0,0,0,0,0,0,    
605,Jaroslaw Jach,31,DF,0,0,0,0,0,0,0,0,0,0,0,0,0,0,0,0,0,0,0,    
606,Erdal Rakip,31,MF,0,0,0,0,0,0,0,0,0,0,0,0,0,0,0,0,0,0,0,    
630,Nya Kirby,31,MF,0,0,0,0,0,0,0,0,0,0,0,0,0,0,0,0,0,0,0,    
633,Diego Cavalieri,31,GK,0,0,0,0,0,0,0,0,0,0,0,0,0,0,0,0,0,0,0,    
638,James Daly,31,FW,0,0,0,0,0,0,0,0,0,0,0,0,0,0,0,0,0,0,0,    
122,Pape Souaré,31,DF,1,1,8,0,0,0,0,0,0,0,0,0,0,0,3,0.2,1.1,0,0.1,    
515,Sullay Kaikai,31,MF,1,1,13,0,0,0,0,0,0,0,0,0,0,0,5,5.2,0.3,0,0.6,    
505,Olayinka Fredrick Oladotun Ladapo,31,FW,1,1,16,0,0,0,1,0,0,0,0,0,0,0,3,0.4,1.1,0,0.2,    
544,Levi Lumeka,31,MF,1,1,25,0,0,0,0,0,0,0,0,0,0,0,3,4.2,0.5,18,2.3,    
121,Damien Delaney,31,DF,1,0.5,95,0,0,0,5,0,0,0,0,0,0,0,19,40,0.3,0,4,    
128,Chung-yong Lee,31,MF,8,1.1,131,0,0,0,3,0,0,0,0,0,0,0,23,4.4,32,10,4.6,    
620,Alexander Sørloth,31,FW,8,2,360,0,0,0,9,0,0,0,0,0,0,0,25,48.6,74,102,22.5,    
482,Jairo Riedewald,31,DF,23,1.9,435,0,0,2,6,0,0,0,0,0,0,0,100,74.4,21.5,12,10.6,    
130,Bakary Sako,31,MF,36,2.3,466,3,0,1,10,0,0,0,0,0,0,1,115,143.2,103.1,227,46.9,    
125,Jason Puncheon,31,MF,11,1.1,574,0,0,0,14,0,0,0,5,0,0,0,38,46.4,93.9,112,25.1,    
579,Aaron Wan-Bissaka,31,MF,15,2.1,627,0,0,2,10,0,0,0,1,0,0,0,116,207.2,60,2,26.8,    
116,Julian Speroni,31,GK,36,3.3,990,0,0,2,14,0,0,0,0,0,30,3,175,213.6,0,0,21.3,    
120,Martin Kelly,31,DF,34,2.3,1193,0,0,4,21,1,0,0,1,0,0,1,185,222.6,25.7,84,33.3,    
118,Scott Dann,31,DF,32,1.9,1434,1,0,1,26,0,0,0,4,0,0,0,211,342.2,62.3,268,67,    
269,Timothy Fosu-Mensah,31,DF,39,1.9,1592,0,0,2,29,0,0,0,2,0,0,3,279,326.6,103.7,43,47.4,    
221,Mamadou Sakho,31,DF,81,4.3,1597,1,2,6,23,0,0,0,1,0,0,18,405,426.2,30.7,77,53.6,    
119,Joel Ward,31,DF,41,2.2,1613,0,1,4,25,1,0,0,4,0,0,0,276,340.6,163.5,58,56.3,    
123,Jeffrey Schlupp,31,DF,50,2.1,1742,0,2,3,30,0,0,0,3,0,0,0,281,339.6,189.7,155,68.6,    
108,Ruben Loftus-Cheek,31,MF,77,3.2,1871,2,5,6,30,0,0,0,1,0,0,2,337,379.2,377,487,124.5,    
124,Patrick van Aanholt,31,DF,95,3.4,2182,5,1,6,38,0,0,0,7,0,0,7,448,537,303.8,319,116.3,    
134,Christian Benteke,31,FW,84,2.7,2234,3,7,6,36,0,0,1,6,0,0,5,174,325.2,406.7,845,157.5,    
129,Yohan Cabaye,31,MF,73,2.4,2374,0,4,8,36,0,0,0,7,0,0,3,415,431.2,754,348,153.5,    
117,James Tomkins,31,DF,99,3.5,2386,3,0,9,32,0,0,0,8,0,0,9,512,712.6,22.4,309,104.7,    
127,James McArthur,31,MF,101,3.1,2425,5,2,7,35,0,0,0,5,0,0,9,416,490.6,333,566,138.9,    
115,Wayne Hennessey,31,GK,99,3.7,2430,0,0,7,41,0,0,0,1,0,91,11,506,603.8,10,0,61.4,    
126,Wilfried Zaha,31,MF,136,4.7,2549,9,7,10,31,0,0,0,5,0,0,8,404,668,716.9,1125,251,    
132,Luka Milivojevic,31,MF,144,4,3079,10,2,8,52,0,0,1,8,0,0,21,630,873.8,379,432,168.6,    
131,Andros Townsend,31,MF,121,3.4,3120,2,9,9,48,0,0,0,3,0,0,7,552,626,1012.1,587,222.8,    
431,Jonathan Leko,35,MF,0,0,0,0,0,0,0,0,0,0,0,0,0,0,0,0,0,0,0,    
508,Kane Wilson,35,DF,0,0,0,0,0,0,0,0,0,0,0,0,0,0,0,0,0,0,0,    
557,Alex Palmer,35,GK,0,0,0,0,0,0,0,0,0,0,0,0,0,0,0,0,0,0,0,    
572,Max Melbourne,35,DF,0,0,0,0,0,0,0,0,0,0,0,0,0,0,0,0,0,0,0,    
577,Rayhaan Tulloch,35,FW,0,0,0,0,0,0,0,0,0,0,0,0,0,0,0,0,0,0,0,    
578,Nathan Ferguson,35,DF,0,0,0,0,0,0,0,0,0,0,0,0,0,0,0,0,0,0,0,    
610,Ali Gabr,35,DF,0,0,0,0,0,0,0,0,0,0,0,0,0,0,0,0,0,0,0,    
624,Kyle Jameson,35,DF,0,0,0,0,0,0,0,0,0,0,0,0,0,0,0,0,0,0,0,    
507,Rekeem Harper,35,MF,1,1,20,0,0,0,0,0,0,0,0,0,0,0,6,6.6,20.4,0,2.7,    
420,Boaz Myhill,35,GK,1,1,90,0,0,0,1,0,0,0,1,0,2,0,7,12.2,0,0,1.2,    
428,James Morrison,35,MF,13,3.3,205,1,0,2,1,0,0,0,0,0,0,0,35,56,40.4,47,14.5,    
427,Nacer Chadli,35,MF,15,3,213,1,0,1,4,0,0,0,1,0,0,3,38,44.4,26.4,35,10.6,    
524,Oliver Burke,35,MF,23,1.5,356,0,2,0,11,0,0,0,0,0,0,0,75,77.4,73.9,75,22.5,    
425,Gareth McAuley,35,DF,8,0.9,454,0,0,0,15,0,0,0,0,0,0,0,73,85.4,4.9,2,9.3,    
433,Sam Field,35,MF,23,2.4,534,1,0,4,7,0,0,0,3,0,0,2,70,102.4,64.8,95,26.3,    
236,Daniel Sturridge,35,FW,32,2.1,541,2,1,3,8,0,0,0,0,0,0,0,131,136.2,205.3,304,64.5,    
436,Hal Robson-Kanu,35,FW,32,1.5,816,2,0,4,14,0,0,0,2,1,0,1,83,121.2,115.9,264,49.5,    
429,Claudio Yacob,35,MF,23,1.4,898,0,0,3,17,0,0,0,5,0,0,0,124,142.8,29.1,59,23.2,    
430,James McClean,35,MF,45,1.5,1391,1,0,6,20,1,0,0,7,0,0,1,153,237.4,299,279,80.2,    
533,Grzegorz Krychowiak,35,MF,58,2.1,1634,0,3,4,30,0,0,0,2,0,0,4,249,271.8,220.9,91,58.4,    
434,Chris Brunt,35,MF,81,3.1,1917,0,8,9,23,0,0,0,5,0,0,6,380,421.8,651.1,155,122.9,    
151,Gareth Barry,35,MF,56,2.2,1921,1,2,4,35,0,0,0,4,0,0,0,287,347.8,274.9,195,82,    
432,Matt Phillips,35,MF,81,2.7,2087,2,3,10,32,0,0,0,3,0,0,3,276,370.2,531.8,345,124.7,    
423,Jonny Evans,35,DF,78,2.8,2269,2,2,6,38,1,0,0,7,0,0,5,455,536.2,104.2,211,85.1,    
422,Allan-Roméo Nyom,35,DF,70,2.4,2306,0,1,7,40,0,0,0,7,0,0,6,407,454.6,266.7,23,74.3,    
424,Craig Dawson,35,DF,87,3.1,2510,2,1,8,39,0,0,0,6,0,0,4,453,629.6,181.3,298,111.2,    
426,Jake Livermore,35,MF,89,2.6,2671,2,2,8,41,0,0,0,5,0,0,6,375,454.6,313.1,207,97.8,    
435,Salomón Rondón,35,FW,103,2.9,2765,7,3,6,48,0,0,0,4,0,0,5,271,431.2,387.2,891,169.6,    
437,Jay Rodriguez,35,FW,109,2.9,2807,7,1,10,41,0,0,0,2,0,0,11,335,460.4,329.8,931,171.1,    
8,Kieran Gibbs,35,DF,86,2.6,2826,0,2,8,44,0,0,0,3,0,0,2,483,484.6,359.6,131,97.7,    
421,Ben Foster,35,GK,123,3.3,3330,0,0,10,55,0,0,0,2,0,99,11,635,716.8,20,0,73.8,    
468,Ahmed El-Sayed Hegazi,35,DF,114,3,3386,2,0,10,55,0,0,0,4,0,0,11,646,962.8,99.5,196,126.1,    
53,Niki Mäenpää,36,GK,0,0,0,0,0,0,0,0,0,0,0,0,0,0,0,0,0,0,0,    
65,Steve Sidwell,36,MF,0,0,0,0,0,0,0,0,0,0,0,0,0,0,0,0,0,0,0,    
67,Jiri Skalak,36,MF,0,0,0,0,0,0,0,0,0,0,0,0,0,0,0,0,0,0,0,    
68,Oliver Norwood,36,MF,0,0,0,0,0,0,0,0,0,0,0,0,0,0,0,0,0,0,0,    
540,Tim Krul,36,GK,0,0,0,0,0,0,0,0,0,0,0,0,0,0,0,0,0,0,0,    
553,Jayson Molumby,36,MF,0,0,0,0,0,0,0,0,0,0,0,0,0,0,0,0,0,0,0,    
57,Uwe Hünemeier,36,DF,1,1,17,0,0,0,1,0,0,0,0,0,0,0,5,7,0.3,2,0.9,    
73,Sam Baldock,36,FW,2,1,30,0,0,0,1,0,0,0,0,0,0,0,4,0.4,0.8,6,0.7,    
60,Liam Rosenior,36,DF,3,1,163,0,0,0,3,0,0,0,0,0,0,0,22,28.8,4.7,2,3.6,    
69,Jamie Murphy,36,MF,6,1.5,166,0,0,0,4,0,0,0,0,0,0,0,25,11.8,15.5,24,5.1,    
61,Connor Goldson,36,DF,6,2,199,0,0,1,5,0,0,0,1,0,0,0,36,40.4,3.5,55,9.9,    
604,Jürgen Locadia,36,FW,16,2.7,221,1,1,1,8,0,0,0,0,0,0,2,47,50.4,24.6,89,15.8,    
210,Leonardo Ulloa,36,FW,20,1.4,279,1,0,1,4,0,0,0,0,0,0,0,66,68,94.2,66,22.7,    
481,Isaiah Brown,36,MF,16,1.2,302,0,0,0,8,0,0,0,0,0,0,0,60,33.2,86.2,25,14.5,    
64,Beram Kayal,36,MF,25,1.3,735,0,0,1,14,0,0,0,2,0,0,0,115,111.2,137,48,29.6,    
72,Tomer Hemed,36,FW,43,2.7,842,2,2,3,8,0,0,0,0,0,0,5,110,152,66.1,227,44.2,    
461,Markus Suttner,36,DF,38,2.7,1178,0,0,4,18,0,0,0,0,0,0,3,204,187.4,105.6,17,30.8,    
538,Ezequiel Schelotto,36,DF,20,1,1313,0,0,0,30,0,0,0,3,0,0,0,183,210,99.2,73,38.2,    
66,Solomon March,36,MF,74,2.1,1838,1,3,6,29,0,0,0,3,0,0,3,303,357.4,320.9,316,99.8,    
517,José Heriberto Izquierdo Mena,36,MF,101,3.2,1976,5,5,5,32,0,0,0,2,0,0,4,324,385.4,311.3,618,131.3,    
58,Bruno Saltor Grau,36,DF,84,3.4,2014,0,0,10,23,0,0,0,3,0,0,8,423,360.4,174.1,35,57.2,    
71,Glenn Murray,36,FW,111,3.2,2184,12,0,8,36,0,0,2,9,0,0,16,319,492.4,271.8,779,153.1,    
59,Gaëtan Bong,36,DF,63,2.5,2237,0,0,6,36,1,0,0,2,0,0,5,369,346.2,154.6,18,52.1,    
62,Anthony Knockaert,36,MF,88,2.7,2415,3,1,11,29,0,0,0,4,1,0,6,383,404,557.2,530,149.1,    
70,Pascal Groß,36,MF,164,4.3,2928,7,8,10,46,0,0,0,2,0,0,24,635,735.4,1311,527,257.6,    
490,Davy Pröpper,36,MF,87,2.5,3118,0,4,9,50,0,0,0,2,1,0,1,446,535.8,297.1,255,108.9,    
63,Dale Stephens,36,MF,87,2.4,3240,0,3,10,50,0,0,0,6,0,0,2,550,625.8,272.5,176,107.7,    
56,Shane Duffy,36,DF,100,2.7,3292,0,2,10,52,0,0,0,8,0,0,7,614,1027.6,98.9,361,148.9,    
54,Mathew Ryan,36,GK,146,3.8,3420,0,0,10,54,0,2,0,0,0,124,13,726,911.6,0,0,91.1,    
55,Lewis Dunk,36,DF,97,2.6,3420,1,1,10,54,4,0,0,7,0,0,7,637,1002.8,147.8,425,157.9,    
162,Joel Coleman,38,GK,0,0,0,0,0,0,0,0,0,0,0,0,0,0,0,0,0,0,0,    
169,Jon Gorenc Stankovic,38,DF,0,0,0,0,0,0,0,0,0,0,0,0,0,0,0,0,0,0,0,    
170,Mark Hudson,38,DF,0,0,0,0,0,0,0,0,0,0,0,0,0,0,0,0,0,0,0,    
177,Jack Payne,38,MF,0,0,0,0,0,0,0,0,0,0,0,0,0,0,0,0,0,0,0,    
179,Harry Bunn,38,MF,0,0,0,0,0,0,0,0,0,0,0,0,0,0,0,0,0,0,0,    
180,Sean Scannell,38,MF,0,0,0,0,0,0,0,0,0,0,0,0,0,0,0,0,0,0,0,    
547,Robert Green,38,GK,0,0,0,0,0,0,0,0,0,0,0,0,0,0,0,0,0,0,0,    
167,Michael Hefele,38,DF,1,0.5,32,0,0,0,1,0,0,0,1,0,0,0,1,4,0.1,0,0.4,    
178,Dean Whitehead,38,MF,4,1,68,0,0,0,3,0,0,0,0,0,0,0,16,6.6,1.1,0,0.8,    
168,Martin Cranie,38,DF,2,0.7,179,0,0,0,7,0,0,0,0,0,0,0,35,44,1.7,2,4.7,    
176,Joe Lolley,38,MF,11,1.8,217,1,0,0,5,0,0,0,1,0,0,0,28,50.6,20,47,11.8,    
522,Abdelhamid Sabiri,38,MF,10,2,217,0,1,1,5,0,0,0,1,0,0,0,30,30.8,40.6,53,12.4,    
175,Philip Billing,38,MF,22,1.4,755,0,0,3,11,0,0,0,3,0,0,0,98,111.4,58.6,26,19.3,    
593,Alex Pritchard,38,MF,40,2.9,997,1,2,3,12,0,0,0,1,0,0,3,168,173.6,300.3,213,68.7,    
591,Terence Kongolo,38,DF,30,2.3,1047,0,0,2,14,0,0,0,0,0,0,2,182,268,52.2,47,36.7,    
462,Scott Malone,38,DF,41,1.9,1110,0,1,3,23,0,0,0,3,0,0,4,211,221.6,146.8,97,46.5,    
184,Danny Williams,38,MF,28,1.4,1115,0,0,0,22,0,0,0,2,0,0,0,134,131.4,83,56,27,    
186,Collin Quaner,38,FW,44,1.7,1268,0,4,3,23,0,0,0,4,0,0,0,173,209,255.7,283,74.8,    
181,Elias Kachunga,38,MF,46,2.4,1327,1,1,6,23,0,0,0,1,0,0,0,151,151,152.1,246,54.5,    
165,Chris Löwe,38,DF,60,2.6,1585,0,0,7,26,0,0,0,1,0,0,0,321,266,125.5,39,43,    
521,Florent Hadergjonaj,38,DF,51,2.2,1670,0,1,4,28,0,0,0,3,0,0,5,274,310,381.8,95,78.8,    
187,Laurent Depoitre,38,FW,94,2.8,1807,6,2,4,34,0,0,0,1,0,0,14,283,352,191.4,451,99.6,    
188,Steve Mounie,38,FW,92,3.3,1849,7,2,6,32,0,0,0,2,0,0,12,269,377,270.7,600,124.5,    
166,Tommy Smith,38,DF,50,2.1,1902,0,1,5,31,0,0,0,7,0,0,2,311,322,251.6,50,62.8,    
173,Rajiv van La Parra,38,MF,74,2.2,2131,3,0,6,36,0,0,0,3,1,0,3,240,322.6,261.6,544,112.7,    
174,Jonathan Hogg,38,MF,53,1.8,2396,0,0,7,40,0,0,0,8,1,0,0,400,475,172.8,61,71.2,    
182,Tom Ince,38,MF,82,2.5,2450,2,1,7,39,0,0,0,0,0,0,3,269,253,331.3,794,138,    
172,Aaron Mooy,38,MF,113,3.1,3066,4,3,10,52,0,0,0,4,0,0,8,576,753.2,848.8,350,195.2,    
164,Christopher Schindler,38,DF,102,2.8,3264,0,2,9,53,0,0,0,6,1,0,15,692,928,107.1,149,119.1,    
163,Jonas Lössl,38,GK,135,3.6,3420,0,1,10,58,1,2,0,1,0,103,11,701,846.8,30,0,87.8,    
171,Mathias Jorgensen,38,DF,107,2.8,3420,0,3,10,58,0,0,0,6,0,0,9,623,768.6,123.6,169,106.2,    
243,Aleksandar Kolarov,43,DF,0,0,0,0,0,0,0,0,0,0,0,0,0,0,0,0,0,0,0,    
251,Fernando Francisco Reges,43,MF,0,0,0,0,0,0,0,0,0,0,0,0,0,0,0,0,0,0,0,    
254,Manuel Agudo Durán,43,MF,0,0,0,0,0,0,0,0,0,0,0,0,0,0,0,0,0,0,0,    
586,Oluwatosin Adarabioyo,43,DF,0,0,0,0,0,0,0,0,0,0,0,0,0,0,0,0,0,0,0,    
627,Lukas Nmecha,43,FW,2,1,14,0,0,0,0,0,0,0,0,0,0,0,4,0,3.1,0,0.3,    
492,Phil Foden,43,MF,8,1.6,45,0,1,0,1,0,0,0,0,0,0,0,31,29.2,32.1,10,7.1,    
493,Brahim Diaz,43,MF,5,1,50,0,0,0,1,0,0,0,0,0,0,0,14,6.8,5.6,53,6.6,    
241,Claudio Bravo,43,GK,10,3.3,224,0,0,1,1,0,0,0,0,0,4,1,42,45.2,0,0,4.5,    
249,Gnegneri Yaya Touré,43,MF,16,1.6,227,0,2,0,2,0,0,0,1,0,0,0,99,105,122.6,72,29.8,    
484,Benjamin Mendy,43,DF,20,2.9,360,0,1,2,1,0,0,0,2,0,0,1,96,84.2,139.3,48,27.2,    
551,Oleksandr Zinchenko,43,MF,16,2,530,0,0,3,3,0,0,0,1,0,0,0,104,116.4,145.9,21,28.3,    
612,Aymeric Laporte,43,DF,35,3.9,806,0,0,4,5,0,0,0,1,0,0,2,204,165.8,52.8,34,25.4,    
242,John Stones,43,DF,70,3.9,1301,0,0,9,11,0,0,0,0,0,0,5,334,283.4,26.3,120,43.2,    
483,Danilo Luiz da Silva,43,DF,100,4.3,1340,3,2,9,11,0,0,0,2,0,0,8,398,376,158.1,176,71.1,    
244,Vincent Kompany,43,DF,60,3.5,1394,1,1,6,11,0,0,0,6,0,0,2,326,399.6,76.5,116,59.2,    
253,Ilkay Gündogan,43,MF,82,2.7,1504,4,2,6,15,0,0,0,3,0,0,9,376,381.4,406.4,408,119.3,    
256,Bernardo Mota Veiga de Carvalho e Silva,43,MF,112,3.2,1514,6,5,9,10,0,0,0,0,0,0,8,440,475.6,508.7,464,144.4,    
259,Gabriel Fernando de Jesus,43,FW,126,4.3,1660,13,7,9,12,0,0,2,6,0,0,18,473,603.6,360.3,1089,204.9,    
246,Fabian Delph,43,MF,55,2.5,1740,1,2,6,17,0,0,0,2,0,0,0,398,369.2,263.7,62,69.4,    
257,Sergio Agüero,43,FW,169,6.8,1960,21,6,13,12,0,0,0,2,0,0,22,740,966.4,570.8,1484,302.5,    
255,Leroy Sané,43,MF,179,5.6,2415,10,15,12,22,0,0,0,4,0,0,17,647,842.4,891.3,1013,274.4,    
248,David Silva,43,MF,169,5.8,2431,9,11,14,18,0,0,0,5,0,0,26,671,875.8,1118.5,867,286.5,    
247,Raheem Sterling,43,MF,229,6.9,2584,18,17,13,23,0,0,0,3,1,0,19,701,969.8,838.2,1488,329.7,    
379,Kyle Walker,43,DF,138,4.3,2784,0,6,15,22,1,0,0,2,1,0,8,691,542.4,511.4,117,117.1,    
250,Fernando Luiz Rosa,43,MF,120,3.5,2880,5,4,15,24,0,0,0,7,0,0,9,596,800.2,511.9,411,172.4,    
245,Nicolás Otamendi,43,DF,156,4.6,2966,4,0,15,25,1,0,0,9,0,0,21,742,846.6,224.6,363,143.7,    
252,Kevin De Bruyne,43,MF,209,5.6,3073,8,18,19,22,0,0,0,2,0,0,25,872,1146.6,1744.2,797,368.9,    
240,Ederson Santana de Moraes,43,GK,158,4.4,3195,0,0,16,26,0,2,0,1,0,58,10,666,546.2,10,0,55.6,    
396,Costel Pantilimon,57,GK,0,0,0,0,0,0,0,0,0,0,0,0,0,0,0,0,0,0,0,    
406,Brandon Mason,57,DF,0,0,0,0,0,0,0,0,0,0,0,0,0,0,0,0,0,0,0,    
410,Valon Behrami,57,MF,0,0,0,0,0,0,0,0,0,0,0,0,0,0,0,0,0,0,0,    
411,Steven Berghuis,57,MF,0,0,0,0,0,0,0,0,0,0,0,0,0,0,0,0,0,0,0,    
413,Isaac Success,57,MF,0,0,0,0,0,0,0,0,0,0,0,0,0,0,0,0,0,0,0,    
419,Mauro Zárate,57,FW,0,0,0,0,0,0,0,0,0,0,0,0,0,0,0,0,0,0,0,    
581,Michael Folivi,57,FW,0,0,0,0,0,0,0,0,0,0,0,0,0,0,0,0,0,0,0,    
582,Daniel Bachmann,57,GK,0,0,0,0,0,0,0,0,0,0,0,0,0,0,0,0,0,0,0,    
613,Carl Stewart,57,MF,0,0,0,0,0,0,0,0,0,0,0,0,0,0,0,0,0,0,0,    
618,Didier Ndong,57,MF,0,0,0,0,0,0,0,0,0,0,0,0,0,0,0,0,0,0,0,    
625,Joy Mukena,57,DF,0,0,0,0,0,0,0,0,0,0,0,0,0,0,0,0,0,0,0,    
615,Dodi Lukebakio,57,MF,1,1,15,0,0,0,1,0,0,0,0,0,0,0,5,6.6,24.7,5,3.6,    
499,Jerome Sinclair,57,FW,4,1,29,0,0,0,1,0,0,0,0,0,0,0,12,4.4,11,4,1.9,    
398,Younes Kaboul,57,DF,7,3.5,151,0,0,1,3,0,0,0,0,0,0,0,35,47.4,0.9,2,5,    
412,Nordin Amrabat,57,MF,6,2,198,0,0,1,3,0,0,0,0,0,0,0,11,22.8,46.5,10,8,    
609,Gerard Deulofeu,57,MF,25,3.6,433,1,1,2,3,0,0,0,0,0,0,3,87,92.4,141.3,124,35.8,    
197,Molla Wagué,57,DF,19,3.2,438,1,0,1,8,0,0,0,0,0,0,0,82,98,5.6,41,14.5,    
418,Stefano Okaka,57,FW,24,1.6,442,1,1,2,9,0,0,0,2,0,0,1,52,74.4,92,145,29.8,    
112,Nathaniel Chalobah,57,MF,13,2.2,447,0,0,3,7,0,0,0,1,0,0,0,40,78.8,26.5,95,20,    
486,Ben Watson,57,MF,12,1.5,455,0,0,0,12,0,0,0,1,0,0,0,61,74.2,46.1,10,13.1,    
399,Craig Cathcart,57,DF,14,2,495,0,0,1,6,0,0,0,1,0,0,0,90,120,2,23,14.6,    
402,Miguel Britos,57,DF,22,1.8,795,1,0,2,16,0,0,0,3,1,0,0,149,180.4,42.7,51,27.3,    
416,Will Hughes,57,MF,53,3.5,987,2,3,4,16,0,0,0,0,0,0,5,190,238.6,267,136,64.3,    
537,Marvin Zeegelaar,57,DF,28,2.3,993,0,2,2,18,0,0,0,4,1,0,5,186,185.2,142.1,24,35.2,    
536,Orestis Karnezis,57,GK,47,3.1,1291,0,0,4,24,0,0,0,0,0,34,5,240,247.6,0,0,24.8,    
92,Andre Gray,57,FW,79,2.5,1486,5,3,5,30,0,0,0,1,0,0,4,237,251.2,254,594,108.2,    
527,André Carrillo,57,MF,64,2.3,1529,1,3,4,31,0,0,0,2,0,0,4,275,271.2,331.2,300,90.3,    
409,Etienne Capoue,57,MF,48,2.1,1537,1,1,4,29,0,0,0,3,0,0,0,262,280.2,165.9,150,59.7,    
400,Sebastian Prödl,57,DF,42,2,1566,0,0,5,29,0,0,0,5,0,0,0,267,276.4,25.9,89,39.3,    
415,Roberto Pereyra,57,MF,81,2.5,1610,5,3,1,34,0,0,0,3,0,0,5,299,346,370.6,472,118.8,    
407,Francisco Femenía Far,57,DF,65,2.8,1709,1,1,5,34,0,0,0,2,0,0,9,389,327.2,302.8,113,74.5,    
404,Daryl Janmaat,57,DF,59,2.6,1818,3,1,2,37,0,0,0,3,0,0,3,342,445,230.6,253,92.9,    
417,Troy Deeney,57,FW,73,2.5,1836,5,2,6,30,0,0,2,1,1,0,7,241,343,349.4,566,125.3,    
408,Tom Cleverley,57,MF,58,2.5,1900,1,2,6,33,0,0,1,1,1,0,3,300,332.2,464.8,124,92.1,    
397,Heurelho Gomes,57,GK,64,2.7,2128,0,0,5,40,0,0,0,0,0,61,4,394,457,0.2,0,45.6,    
405,Adrian Mariappa,57,DF,58,2.1,2206,0,0,6,43,0,0,0,4,0,0,2,378,462,59.4,106,62.8,    
403,Christian Kabasele,57,DF,68,2.4,2329,2,0,6,43,1,0,0,5,0,0,2,407,645,52,137,83.7,    
401,José Holebas,57,DF,72,2.6,2381,0,4,6,47,0,0,0,7,0,0,6,412,510,632.8,125,127,    
501,Richarlison de Andrade,57,MF,125,3.3,2817,5,8,8,54,0,0,0,4,0,0,4,304,497,384.7,1217,209.3,    
414,Abdoulaye Doucouré,57,MF,136,3.7,3324,7,4,9,63,0,0,0,10,0,0,16,679,859,595.8,537,199.7,    
351,Kristoffer Nordfeldt,80,GK,0,0,0,0,0,0,0,0,0,0,0,0,0,0,0,0,0,0,0,    
355,Stephen Kingsley,80,DF,0,0,0,0,0,0,0,0,0,0,0,0,0,0,0,0,0,0,0,    
364,Jefferson Montero,80,MF,0,0,0,0,0,0,0,0,0,0,0,0,0,0,0,0,0,0,0,    
368,Modou Barrow,80,MF,0,0,0,0,0,0,0,0,0,0,0,0,0,0,0,0,0,0,0,    
561,Joe Rodon,80,DF,0,0,0,0,0,0,0,0,0,0,0,0,0,0,0,0,0,0,0,    
576,Erwin Mulder,80,GK,0,0,0,0,0,0,0,0,0,0,0,0,0,0,0,0,0,0,0,    
362,Jay Fulton,80,MF,1,0.5,17,0,0,0,0,0,0,0,1,0,0,0,1,0.2,0.1,0,0,    
353,Angel Rangel,80,DF,4,1,154,0,0,0,3,0,0,0,0,0,0,0,28,24.2,22.1,2,4.8,    
485,Kyle Bartley,80,DF,5,1,233,0,0,0,4,0,0,0,2,0,0,0,29,75,21.2,16,11.2,    
372,Oliver McBurnie,80,FW,16,1.5,267,0,1,0,5,0,0,0,0,0,0,0,45,38.4,30.4,105,17.4,    
598,Connor Roberts,80,DF,7,1.8,267,0,0,0,4,0,0,0,0,0,0,0,41,26.2,12.8,2,4.1,    
361,Leon Britton,80,MF,10,2,301,0,0,3,1,0,0,0,1,0,0,0,38,18.4,8.5,4,3,    
360,Wayne Routledge,80,MF,17,1.1,420,0,0,1,11,0,0,0,1,0,0,0,57,56.6,95.7,76,22.6,    
369,Luciano Narsingh,80,MF,30,1.7,614,1,0,1,15,0,0,0,0,0,0,3,97,109.4,149.5,155,41.4,    
535,Renato Sanches,80,MF,20,1.7,699,0,0,2,10,0,0,0,1,0,0,0,83,71.8,135,64,27,    
542,Wilfried Bony,80,FW,33,2.2,701,2,1,2,8,0,0,0,2,0,0,3,103,119,70.6,211,39.3,    
370,Roque Mesa,80,MF,18,1.6,753,0,0,2,16,0,0,0,3,0,0,0,125,89,85.7,34,20.9,    
201,Andy King,80,MF,51,2.3,1247,3,1,1,26,0,0,0,2,0,0,1,225,239.8,116.9,204,56.2,    
366,Nathan Dyer,80,MF,41,1.7,1300,0,1,3,21,0,0,0,2,0,0,0,139,103.8,211.1,174,48.7,    
365,Leroy Fer,80,MF,41,2,1394,1,1,4,26,0,0,0,5,0,0,0,201,240.6,180,139,56,    
374,Tammy Abraham,80,FW,86,2.8,1715,5,3,4,31,0,0,0,0,0,0,11,238,269.2,182.6,693,114.2,    
449,André Ayew,80,MF,77,2.6,1834,3,5,3,42,0,0,1,5,0,0,2,249,319.4,283.1,429,102.7,    
363,Sung-yueng Ki,80,MF,73,2.9,1865,2,2,5,29,0,0,0,2,0,0,9,340,307.2,338.1,152,79.7,    
356,Mike van der Hoorn,80,DF,74,3.1,1944,1,0,8,27,0,0,0,4,0,0,4,396,460.6,72.6,160,69.4,    
519,Sam Clucas,80,MF,75,2.6,2039,3,1,5,30,0,0,0,2,0,0,4,305,362.4,270.1,233,86.2,    
367,Tom Carroll,80,MF,85,2.3,2562,0,4,7,39,0,0,0,3,0,0,6,431,452.8,748.6,172,137.5,    
354,Federico Fernández,80,DF,85,2.8,2676,1,1,7,44,1,0,0,5,0,0,10,500,736,75.4,187,100,    
373,Jordan Ayew,80,FW,108,3,2850,7,2,7,49,0,0,0,2,1,0,12,382,562.2,350.4,944,185.8,    
352,Kyle Naughton,80,DF,101,3,3030,0,2,9,50,1,0,0,1,0,0,11,561,670.6,253.3,141,106.9,    
358,Martin Olsson,80,DF,89,2.5,3149,0,1,10,50,0,0,0,7,0,0,0,454,324.4,295.9,133,75.4,    
350,Lukasz Fabianski,80,GK,157,4.1,3420,0,0,9,56,0,3,0,0,0,137,14,772,1087.8,10,0,109.9,    
357,Alfie Mawson,80,DF,112,2.9,3420,2,1,9,56,0,0,0,3,0,0,7,662,848.4,86.4,254,119.4,    
75,Paul Robinson,90,GK,0,0,0,0,0,0,0,0,0,0,0,0,0,0,0,0,0,0,0,    
83,Dean Marney,90,MF,0,0,0,0,0,0,0,0,0,0,0,0,0,0,0,0,0,0,0,    
545,Adam Legzdins,90,GK,0,0,0,0,0,0,0,0,0,0,0,0,0,0,0,0,0,0,0,    
554,Anders Lindegaard,90,GK,0,0,0,0,0,0,0,0,0,0,0,0,0,0,0,0,0,0,0,    
575,Fredrik Ulvestad,90,MF,0,0,0,0,0,0,0,0,0,0,0,0,0,0,0,0,0,0,0,    
623,Aiden O'Neill,90,MF,0,0,0,0,0,0,0,0,0,0,0,0,0,0,0,0,0,0,0,    
646,Dwight McNeil,90,FW,1,1,1,0,0,0,0,0,0,0,0,0,0,0,3,0,0,0,0,    
89,Jonathan Walters,90,MF,3,1,36,0,0,0,2,0,0,0,0,0,0,0,3,1.2,0.7,12,1.1,    
185,Nahki Wells,90,FW,9,1,46,0,0,0,3,0,0,0,0,0,0,0,20,7.2,3.5,37,4.7,    
392,Georges-Kévin Nkoudou,90,MF,11,1.2,223,0,0,1,2,0,0,0,1,0,0,0,21,26,49.3,41,11.2,    
74,Tom Heaton,90,GK,8,2,305,0,0,0,4,0,0,0,0,0,8,0,48,53.4,0,0,5.3,    
81,Charlie Taylor,90,DF,23,2.1,949,0,0,2,12,0,0,0,3,0,0,0,132,184.2,86.8,4,27.5,    
91,Sam Vokes,90,FW,63,2.1,977,4,2,2,16,0,0,0,3,0,0,7,170,208.4,128,384,71.1,    
88,Ashley Westwood,90,MF,35,1.8,1105,0,1,2,17,0,0,0,2,0,0,1,189,182.4,134.8,90,40.7,    
334,Phil Bardsley,90,DF,33,2.5,1125,0,0,4,13,0,0,0,5,0,0,0,193,229.4,117.5,35,38.3,    
87,Robbie Brady,90,MF,56,3.7,1277,1,4,6,12,0,0,0,3,0,0,7,216,273.8,477.9,221,97.3,    
82,Scott Arfield,90,MF,56,3.1,1330,2,2,6,15,0,0,0,3,0,0,6,185,233.2,120.2,246,60.1,    
80,Kevin Long,90,DF,57,3.6,1440,1,2,4,21,1,0,0,1,0,0,6,282,460,64.8,220,74.5,    
518,Chris Wood,90,FW,104,4.3,1621,10,1,10,11,0,0,0,1,0,0,20,314,442,203.5,692,133.8,    
153,Aaron Lennon,90,MF,65,2.2,1906,0,4,6,30,0,0,0,2,0,0,0,204,232.2,203.2,297,73.3,    
85,Steven Defour,90,MF,62,2.6,1998,1,1,12,17,0,0,0,6,0,0,0,353,353.8,310.8,117,78.4,    
93,Ashley Barnes,90,FW,92,2.6,2150,9,0,5,23,0,0,0,10,0,0,9,290,407.2,274.8,797,145.8,    
76,Matthew Lowton,90,DF,89,3.4,2295,0,3,8,26,0,0,0,1,0,0,4,450,574.6,264.9,46,89,    
86,Jeff Hendrick,90,MF,85,2.5,2326,2,2,9,28,0,0,0,1,0,0,1,307,265.6,408.2,335,100.9,    
78,Stephen Ward,90,DF,102,3.6,2460,1,1,9,27,0,0,0,1,0,0,9,484,498.4,270.9,82,85.4,    
77,Ben Mee,90,DF,90,3.1,2610,0,0,9,27,0,0,0,5,0,0,6,491,748.6,74.5,349,117.3,    
79,James Tarkowski,90,DF,101,3.3,2790,0,1,11,30,0,0,0,5,0,0,4,539,822,98.4,253,117.8,    
84,Johann Berg Gudmundsson,90,MF,117,3.3,2831,2,9,10,33,0,0,0,2,0,0,7,467,599,1052,539,219.2,    
469,Nick Pope,90,GK,152,4.3,3114,0,0,11,35,0,1,0,3,0,113,19,701,862.4,40,0,90.1,    
90,Jack Cork,90,MF,100,2.6,3420,2,1,12,39,0,0,0,7,0,0,6,533,589.6,332.8,265,119,    
30,Artur Boruc,91,GK,0,0,0,0,0,0,0,0,0,0,0,0,0,0,0,0,0,0,0,    
31,Adam Federici,91,GK,0,0,0,0,0,0,0,0,0,0,0,0,0,0,0,0,0,0,0,    
37,Bradley Smith,91,DF,0,0,0,0,0,0,0,0,0,0,0,0,0,0,0,0,0,0,0,    
44,Max Gradel,91,MF,0,0,0,0,0,0,0,0,0,0,0,0,0,0,0,0,0,0,0,    
549,Aaron Ramsdale,91,GK,0,0,0,0,0,0,0,0,0,0,0,0,0,0,0,0,0,0,0,    
585,Connor Mahoney,91,MF,0,0,0,0,0,0,0,0,0,0,0,0,0,0,0,0,0,0,0,    
588,Matt Butcher,91,MF,0,0,0,0,0,0,0,0,0,0,0,0,0,0,0,0,0,0,0,    
602,Kyle Taylor,91,MF,0,0,0,0,0,0,0,0,0,0,0,0,0,0,0,0,0,0,0,    
584,Emerson Hyndman,91,MF,1,1,58,0,0,0,1,0,0,0,0,0,0,0,6,5,12.5,0,1.8,    
570,Jack Simpson,91,DF,1,1,71,0,0,0,2,0,0,0,0,0,0,0,10,6.2,0,0,0.6,    
36,Tyrone Mings,91,DF,3,0.8,201,0,0,0,5,0,0,0,1,0,0,0,40,46.6,14.8,10,7.2,    
49,Benik Afobe,91,FW,24,1.4,534,0,1,0,12,0,0,0,0,0,0,0,73,33.8,62.6,219,31.3,    
50,Lys Mousset,91,FW,36,1.6,581,2,0,1,16,0,0,0,1,0,0,3,106,120.4,69.5,252,43.9,    
39,Harry Arter,91,MF,27,2.1,959,1,0,3,13,0,0,0,4,0,0,0,156,146,76.1,69,29.2,    
40,Marc Pugh,91,MF,32,1.6,974,0,0,5,17,0,0,0,2,0,0,0,97,99.2,195.5,224,51.6,    
52,Jermain Defoe,91,FW,60,2.5,1075,4,2,2,21,0,0,0,1,0,0,5,191,209.4,144.9,539,88.9,    
42,Junior Stanislas,91,MF,75,3.9,1285,5,3,2,22,0,0,0,1,0,0,7,285,394.8,377.2,483,125.1,    
41,Andrew Surman,91,MF,82,3.3,1851,2,5,5,29,0,0,0,2,0,0,9,363,458,261.1,121,84,    
43,Dan Gosling,91,MF,59,2.1,1941,2,1,1,41,0,0,0,8,0,0,4,254,396.4,262.2,274,93.3,    
48,Callum Wilson,91,FW,102,3.6,1981,8,2,6,33,0,0,0,0,0,0,13,282,392.2,288.4,799,147.5,    
45,Jordon Ibe,91,MF,85,2.7,1988,2,6,4,33,0,0,0,1,0,0,5,289,362,602.7,610,157.3,    
47,Ryan Fraser,91,MF,97,3.7,2003,5,3,2,38,0,0,0,0,0,0,13,390,492.8,646.6,413,155,    
35,Adam Smith,91,DF,56,2.1,2067,1,3,2,38,0,0,0,6,0,0,3,376,455,345.5,144,94.5,    
46,Lewis Cook,91,MF,58,2,2234,0,2,3,42,0,0,0,5,0,0,0,337,456.4,423.3,126,100.7,    
51,Joshua King,91,FW,110,3.3,2450,8,4,7,38,0,0,0,3,0,0,10,381,577,556.7,902,203.7,    
32,Simon Francis,91,DF,56,1.8,2708,0,1,4,47,0,0,0,8,1,0,3,491,726.8,418.4,163,131,    
33,Steve Cook,91,DF,83,2.4,2764,2,1,5,53,1,0,0,5,0,0,9,495,870,65.6,271,120.6,    
34,Charlie Daniels,91,DF,94,2.7,3001,1,3,6,50,0,0,0,0,0,0,4,587,582.2,479.7,196,125.9,    
38,Nathan Aké,91,DF,102,2.7,3352,2,3,6,59,0,0,0,5,0,0,8,642,932.4,115.1,287,133.5,    
29,Asmir Begovic,91,GK,112,2.9,3420,0,0,6,61,0,1,0,2,0,111,6,631,790.8,20,0,80.8,    
333,Marc Muniesa,110,DF,0,0,0,0,0,0,0,0,0,0,0,0,0,0,0,0,0,0,0,    
339,Glenn Whelan,110,MF,0,0,0,0,0,0,0,0,0,0,0,0,0,0,0,0,0,0,0,    
343,Giannelli Imbula,110,MF,0,0,0,0,0,0,0,0,0,0,0,0,0,0,0,0,0,0,0,    
550,Harry Souttar,110,DF,0,0,0,0,0,0,0,0,0,0,0,0,0,0,0,0,0,0,0,    
569,Jakob Haugaard,110,GK,0,0,0,0,0,0,0,0,0,0,0,0,0,0,0,0,0,0,0,    
562,Julien Ngoy,110,FW,1,1,19,0,0,0,2,0,0,0,0,0,0,0,4,1,1.8,0,0.3,    
344,Bojan Krkic Perez,110,MF,2,2,71,0,0,0,1,0,0,0,0,0,0,0,5,0,13.3,6,1.9,    
628,Tyrese Campbell,110,FW,4,1,75,0,0,0,2,0,0,0,0,0,0,0,11,13,2.6,28,4.4,    
637,Lasse Sorenson,110,MF,5,5,75,0,1,0,1,0,0,0,0,0,0,0,27,29.6,25.4,0,5.5,    
590,Stephen Ireland,110,MF,4,1,128,0,0,0,4,0,0,0,1,0,0,0,13,14.4,17.8,11,4.3,    
336,Josh Tymon,110,DF,0,0,162,0,0,0,9,0,0,0,0,0,0,0,18,20.4,4.9,0,2.5,    
341,Ibrahim Afellay,110,MF,6,1,162,0,0,0,9,0,0,0,1,0,0,0,29,12.6,5.5,0,1.8,    
329,Lee Grant,110,GK,5,1.7,270,0,0,0,7,0,0,0,0,0,8,0,44,64.2,0,0,6.3,    
599,Konstantinos Stafylidis,110,DF,6,1.2,334,0,0,0,6,0,0,0,0,0,0,0,38,68.2,23.8,18,11,    
338,Charlie Adam,110,MF,10,0.9,405,0,0,2,9,0,0,1,2,1,0,0,57,73.2,114.4,84,27.1,    
556,Thomas Edwards,110,DF,6,1,481,0,0,0,15,0,0,0,0,0,0,0,81,93.4,23,10,12.7,    
349,Saido Berahino,110,FW,20,1.3,483,0,1,2,13,0,0,1,0,0,0,0,42,40.4,51.8,149,23.7,    
335,Glen Johnson,110,DF,5,0.6,546,0,0,0,14,0,0,0,3,0,0,0,70,86.6,56.8,41,18.4,    
512,Jesé Rodríguez Ruiz,110,MF,31,2.4,609,1,1,1,17,0,0,0,0,0,0,2,93,110.4,127.7,171,40.8,    
619,Papa Alioune Ndiaye,110,MF,41,3.2,1138,2,1,2,17,0,0,0,5,0,0,5,159,298.4,116.7,133,55,    
345,Ramadan Sobhi,110,MF,51,2.1,1227,2,1,2,30,0,0,0,2,0,0,2,226,237.6,237.9,206,68.1,    
513,Bruno Martins Indi,110,DF,20,1.2,1242,0,0,1,28,0,0,0,3,0,0,0,171,241.8,48.3,60,35.1,    
594,Moritz Bauer,110,DF,41,2.7,1307,0,0,5,18,0,0,0,4,0,0,1,201,181.8,189.9,67,44,    
383,Kevin Wimmer,110,DF,19,1.1,1321,0,0,1,32,0,0,0,5,0,0,1,196,297,38.8,28,36.5,    
331,Geoff Cameron,110,DF,33,1.6,1522,0,0,2,30,0,0,0,2,0,0,0,220,265.4,77.2,46,39,    
347,Peter Crouch,110,FW,73,2.4,1551,5,2,2,27,0,0,0,4,0,0,6,225,289.2,321.2,390,99.9,    
346,Darren Fletcher,110,MF,67,2.5,2217,1,1,4,49,0,0,0,0,0,0,3,337,346.2,359.8,72,77.8,    
497,Eric Maxim Choupo-Moting,110,MF,107,3.6,2241,5,5,5,45,0,0,0,3,0,0,9,341,505.6,327.5,851,168.1,    
330,Ryan Shawcross,110,DF,67,2.5,2371,1,1,5,40,1,0,0,2,0,0,2,356,656,26.5,276,96,    
348,Mame Biram Diouf,110,FW,99,2.8,2592,6,3,8,49,0,0,0,6,0,0,8,350,482,285.4,832,159.6,    
332,Erik Pieters,110,DF,71,2.3,2717,0,1,7,50,0,0,0,5,0,0,1,456,567.4,247.2,58,87.3,    
99,Kurt Zouma,110,DF,87,2.6,2887,1,0,7,50,0,0,0,1,0,0,5,554,814.2,91.8,235,114.4,    
342,Xherdan Shaqiri,110,MF,155,4.3,3039,8,9,6,58,0,0,1,5,0,0,19,554,718,1151.6,676,255.2,    
337,Joe Allen,110,MF,109,3,3139,2,6,6,55,0,0,0,8,0,0,12,527,691.8,512.3,339,154.3,    
328,Jack Butland,110,GK,125,3.6,3150,0,0,6,61,1,0,0,0,0,145,16,687,1013.4,10,0,102.5,    
